?prop	?dt
<http://purl.org/dc/terms/PowerSystemProjectGroup.description>	<http://www.w3.org/2001/XMLSchema#string>
<http://purl.org/dc/terms/PowerSystemProjectGroup.identifier>	<http://www.w3.org/2001/XMLSchema#string>
<http://purl.org/dc/terms/PowerSystemProjectGroup.title>	<http://www.w3.org/2001/XMLSchema#string>
<http://purl.org/dc/terms/Resource.accessRights>	<http://www.w3.org/2001/XMLSchema#string>
<http://purl.org/dc/terms/Resource.conformsTo>	<http://www.w3.org/2001/XMLSchema#string>
<http://purl.org/dc/terms/Resource.creator>	<http://www.w3.org/2001/XMLSchema#string>
<http://purl.org/dc/terms/Resource.description>	<http://www.w3.org/2001/XMLSchema#string>
<http://purl.org/dc/terms/Resource.identifier>	<http://www.w3.org/2001/XMLSchema#string>
<http://purl.org/dc/terms/Resource.issued>	<http://www.w3.org/2001/XMLSchema#dateTime>
<http://purl.org/dc/terms/Resource.license>	<http://www.w3.org/2001/XMLSchema#string>
<http://purl.org/dc/terms/Resource.modified>	<http://www.w3.org/2001/XMLSchema#date>
<http://purl.org/dc/terms/Resource.publisher>	<http://www.w3.org/2001/XMLSchema#string>
<http://purl.org/dc/terms/Resource.rights>	<http://www.w3.org/2001/XMLSchema#string>
<http://purl.org/dc/terms/Resource.rightsHolder>	<http://www.w3.org/2001/XMLSchema#string>
<http://purl.org/dc/terms/Resource.title>	<http://www.w3.org/2001/XMLSchema#string>
<http://purl.org/dc/terms/description>	<http://www.w3.org/2001/XMLSchema#string>
<http://purl.org/dc/terms/identifier>	<http://www.w3.org/2001/XMLSchema#string>
<http://purl.org/dc/terms/issued>	<http://www.w3.org/2001/XMLSchema#dateTime>
<http://purl.org/dc/terms/rights>	<http://www.w3.org/2001/XMLSchema#string>
<http://purl.org/dc/terms/rightsHolder>	<http://www.w3.org/2001/XMLSchema#string>
<http://purl.org/dc/terms/title>	<http://www.w3.org/2001/XMLSchema#string>
<http://www.w3.org/1999/02/22-rdf-syntax-ns#Statement.object>	<http://www.w3.org/2001/XMLSchema#string>
<http://www.w3.org/1999/02/22-rdf-syntax-ns#Statement.predicate>	<http://www.w3.org/2001/XMLSchema#string>
<http://www.w3.org/1999/02/22-rdf-syntax-ns#Statement.subject>	<http://www.w3.org/2001/XMLSchema#string>
<http://www.w3.org/1999/02/22-rdf-syntax-ns#Statements.object>	<http://www.w3.org/2001/XMLSchema#string>
<http://www.w3.org/1999/02/22-rdf-syntax-ns#Statements.predicate>	<http://www.w3.org/2001/XMLSchema#string>
<http://www.w3.org/1999/02/22-rdf-syntax-ns#Statements.subject>	<http://www.w3.org/2001/XMLSchema#string>
<https://cim.ucaiug.io/ns#Contingency.mustStudy>	<http://www.w3.org/2001/XMLSchema#boolean>
<https://cim.ucaiug.io/ns#DCConductingEquipment.ratedCurrent>	<http://www.w3.org/2001/XMLSchema#float>
<https://cim.ucaiug.io/ns#Status.dateTime>	<http://www.w3.org/2001/XMLSchema#dateTime>
<https://cim.ucaiug.io/ns#Status.reason>	<http://www.w3.org/2001/XMLSchema#string>
<https://cim.ucaiug.io/ns#Status.remark>	<http://www.w3.org/2001/XMLSchema#string>
<https://cim.ucaiug.io/ns#Status.value>	<http://www.w3.org/2001/XMLSchema#string>
<https://cim.ucaiug.io/ns#StreetAddress.language>	<http://www.w3.org/2001/XMLSchema#string>
<https://cim.ucaiug.io/ns#StreetAddress.poBox>	<http://www.w3.org/2001/XMLSchema#string>
<https://cim.ucaiug.io/ns#StreetAddress.postalCode>	<http://www.w3.org/2001/XMLSchema#string>
<https://cim.ucaiug.io/ns#StreetDetail.addressGeneral>	<http://www.w3.org/2001/XMLSchema#string>
<https://cim.ucaiug.io/ns#StreetDetail.addressGeneral2>	<http://www.w3.org/2001/XMLSchema#string>
<https://cim.ucaiug.io/ns#StreetDetail.addressGeneral3>	<http://www.w3.org/2001/XMLSchema#string>
<https://cim.ucaiug.io/ns#StreetDetail.buildingName>	<http://www.w3.org/2001/XMLSchema#string>
<https://cim.ucaiug.io/ns#StreetDetail.code>	<http://www.w3.org/2001/XMLSchema#string>
<https://cim.ucaiug.io/ns#StreetDetail.floorIdentification>	<http://www.w3.org/2001/XMLSchema#string>
<https://cim.ucaiug.io/ns#StreetDetail.name>	<http://www.w3.org/2001/XMLSchema#string>
<https://cim.ucaiug.io/ns#StreetDetail.number>	<http://www.w3.org/2001/XMLSchema#string>
<https://cim.ucaiug.io/ns#StreetDetail.prefix>	<http://www.w3.org/2001/XMLSchema#string>
<https://cim.ucaiug.io/ns#StreetDetail.suffix>	<http://www.w3.org/2001/XMLSchema#string>
<https://cim.ucaiug.io/ns#StreetDetail.suiteNumber>	<http://www.w3.org/2001/XMLSchema#string>
<https://cim.ucaiug.io/ns#StreetDetail.type>	<http://www.w3.org/2001/XMLSchema#string>
<https://cim.ucaiug.io/ns#StreetDetail.withinTownLimits>	<http://www.w3.org/2001/XMLSchema#boolean>
<https://cim.ucaiug.io/ns#TownDetail.code>	<http://www.w3.org/2001/XMLSchema#string>
<https://cim.ucaiug.io/ns#TownDetail.country>	<http://www.w3.org/2001/XMLSchema#string>
<https://cim.ucaiug.io/ns#TownDetail.name>	<http://www.w3.org/2001/XMLSchema#string>
<https://cim.ucaiug.io/ns#TownDetail.section>	<http://www.w3.org/2001/XMLSchema#string>
<https://cim.ucaiug.io/ns#TownDetail.stateOrProvince>	<http://www.w3.org/2001/XMLSchema#string>
<https://cim.ucaiug.io/ns/eu#BoundaryPoint.fromEndIsoCode>	<http://www.w3.org/2001/XMLSchema#string>
<https://cim.ucaiug.io/ns/eu#BoundaryPoint.fromEndName>	<http://www.w3.org/2001/XMLSchema#string>
<https://cim.ucaiug.io/ns/eu#BoundaryPoint.fromEndNameTso>	<http://www.w3.org/2001/XMLSchema#string>
<https://cim.ucaiug.io/ns/eu#BoundaryPoint.isDirectCurrent>	<http://www.w3.org/2001/XMLSchema#boolean>
<https://cim.ucaiug.io/ns/eu#BoundaryPoint.isExcludedFromAreaInterchange>	<http://www.w3.org/2001/XMLSchema#boolean>
<https://cim.ucaiug.io/ns/eu#BoundaryPoint.toEndIsoCode>	<http://www.w3.org/2001/XMLSchema#string>
<https://cim.ucaiug.io/ns/eu#BoundaryPoint.toEndName>	<http://www.w3.org/2001/XMLSchema#string>
<https://cim.ucaiug.io/ns/eu#BoundaryPoint.toEndNameTso>	<http://www.w3.org/2001/XMLSchema#string>
<https://cim4.eu/ns/nc#Contingency.probability>	<http://www.w3.org/2001/XMLSchema#float>
<https://cim4.eu/ns/nc#GridStateAlteration.enabled>	<http://www.w3.org/2001/XMLSchema#boolean>
<https://cim4.eu/ns/nc#GridStateAlteration.participationFactor>	<http://www.w3.org/2001/XMLSchema#float>
<https://cim4.eu/ns/nc#RangeConstraint.value>	<http://www.w3.org/2001/XMLSchema#float>
