https://github.com/Sveino/Inst4CIM-KG/issues/107 `First_Terminal, Second_Terminal` use unusual separator
https://github.com/Sveino/Inst4CIM-KG/issues/119 multiple per-profile graphs (in JSON-LD and Trig)
https://github.com/Sveino/Inst4CIM-KG/issues/125 fix props with multiple Ranges
https://github.com/Sveino/Inst4CIM-KG/issues/126 delete extraneous "source" files
https://github.com/Sveino/Inst4CIM-KG/issues/127 What is the unit for `Money` props?
https://github.com/Sveino/Inst4CIM-KG/issues/128 cost/price (xsd:decimal) props not defined as `dataType Money`
https://github.com/Sveino/Inst4CIM-KG/issues/133 voc folder and image
https://github.com/Sveino/Inst4CIM-KG/issues/136 Mapping plain JSON to JSON-LD with LinkML
https://github.com/Sveino/Inst4CIM-KG/issues/140 consider options for using SHACL on graphs
https://github.com/Sveino/Inst4CIM-KG/issues/145 PropertyReference questions
https://github.com/Sveino/Inst4CIM-KG/issues/146 Mapping bidirectional UML relation to LinkML
https://github.com/Sveino/Inst4CIM-KG/issues/147 consider resolvable model (graph) URLs
https://github.com/Sveino/Inst4CIM-KG/issues/148 add URI options to `cim-trig.pl`?
https://github.com/Sveino/Inst4CIM-KG/issues/153 definitions: markdown vs asciidoc
https://github.com/Sveino/Inst4CIM-KG/issues/154 Updated Dataset header model
https://github.com/Sveino/Inst4CIM-KG/issues/155 CIMXML description of dcat:Dataset
https://github.com/Sveino/Inst4CIM-KG/issues/156 CIM needs subproperties
https://github.com/Sveino/Inst4CIM-KG/issues/158 AC-DC confusion
https://github.com/Sveino/Inst4CIM-KG/issues/159 Test base urn:uuid:
https://github.com/Sveino/Inst4CIM-KG/issues/160 Rename V-A in CIM-QUDT mapping
https://github.com/Sveino/Inst4CIM-KG/issues/161 define `cims` ontology
https://github.com/Sveino/Inst4CIM-KG/issues/162 syntax for internal links (in ontology **definitions** to other ontology terms)
https://github.com/Sveino/Inst4CIM-KG/issues/163 missed to convert some cims:dataType
https://github.com/Sveino/Inst4CIM-KG/issues/164 duplicate type statements across named graphs
https://github.com/Sveino/Inst4CIM-KG/issues/165 `AnalogValue.value, MeasurementValue.value` missing in ontologies
https://github.com/Sveino/Inst4CIM-KG/issues/166 define props `cim:unitMultiplier, cim:unitSymbol`
https://github.com/Sveino/Inst4CIM-KG/issues/167 missing `nc:LogicOperatorsKind` values
https://github.com/Sveino/Inst4CIM-KG/issues/168 how to represent fractional units (Price and CurrencyExchange)
https://github.com/Sveino/Inst4CIM-KG/issues/169 How to represent direction of flow between two zones
https://github.com/Sveino/Inst4CIM-KG/issues/170 `measurementType, MeasurementValueSource` structure (feature of interest, qualifier)
https://github.com/Sveino/Inst4CIM-KG/issues/171 union class cimr:EquipmentOrContainer
https://github.com/Sveino/Inst4CIM-KG/issues/172 CIM needs traits/mixins/flavors; and/or multiple hierarchy/typing
https://github.com/Sveino/Inst4CIM-KG/issues/173 try OntoMetrics
https://github.com/Sveino/Inst4CIM-KG/issues/174 change `dcat-cim` to `dcatcim`
https://github.com/Sveino/Inst4CIM-KG/issues/175 what is a timeseries? Analog vs AnalogValue
https://github.com/Sveino/Inst4CIM-KG/issues/176 update QUDT units to latest naming convention
https://github.com/Sveino/Inst4CIM-KG/issues/177 "super-dataset": Catalog or Dataset with `dct:hasPart`
https://github.com/Sveino/Inst4CIM-KG/issues/178 hijacked rdfs:domain in Header (MAJOR breakage)
https://github.com/Sveino/Inst4CIM-KG/issues/179 confusion Impedance-Inductance
https://github.com/Sveino/Inst4CIM-KG/issues/180 add Quantities `ResistancePerLength, Displacement` and respective Units
https://github.com/Sveino/Inst4CIM-KG/issues/181 xsd:dateTimeStamp or xsd:dateTime?
https://github.com/Sveino/Inst4CIM-KG/issues/27 get rid of `profcim` Primitives
https://github.com/Sveino/Inst4CIM-KG/issues/31 change some langString to string
https://github.com/Sveino/Inst4CIM-KG/issues/34 define prefixes `uml` and `xsd`
https://github.com/Sveino/Inst4CIM-KG/issues/47 remove spaces and lang tags from key values
https://github.com/Sveino/Inst4CIM-KG/issues/51 Update NC profiles release 2.3.1
https://github.com/Sveino/Inst4CIM-KG/issues/59 Establish ontology best practices and hygiene checks
https://github.com/Sveino/Inst4CIM-KG/issues/60 remove `AP` from `voc, con` file/folder names 
https://github.com/Sveino/Inst4CIM-KG/issues/63 Naming of target files
https://github.com/Sveino/Inst4CIM-KG/issues/64 Upload latest files CGMES v3 from the Application library 
https://github.com/Sveino/Inst4CIM-KG/issues/73 Multilinguality in CIM?
https://github.com/Sveino/Inst4CIM-KG/issues/76 cim:ActivePowerPerFrequency.unit is wrong
https://github.com/Sveino/Inst4CIM-KG/issues/78 remove "Compounds"? what is cim:Status?
https://github.com/Sveino/Inst4CIM-KG/issues/80 EIC linked data publication?
https://github.com/Sveino/Inst4CIM-KG/issues/81 remove values like `other`
https://github.com/Sveino/Inst4CIM-KG/issues/83 some literals that should be URLs
https://github.com/Sveino/Inst4CIM-KG/issues/84 missing datatypes
https://github.com/Sveino/Inst4CIM-KG/issues/91 generic identifiers (cim:Name)
https://github.com/Sveino/Inst4CIM-KG/issues/96 coordinate props should be xsd:decimal
https://github.com/Sveino/Inst4CIM-KG/issues/97 check out CDC
