https://github.com/Sveino/Inst4CIM-KG/issues/1	Add initial structure and documents
https://github.com/Sveino/Inst4CIM-KG/issues/10	Meta-Props Duplicated Per Profile
https://github.com/Sveino/Inst4CIM-KG/issues/100	shorten prop names in JSONLD?
https://github.com/Sveino/Inst4CIM-KG/issues/101	represent instances as JSONLD
https://github.com/Sveino/Inst4CIM-KG/issues/103	add `rdfs:isDefinedBy`
https://github.com/Sveino/Inst4CIM-KG/issues/104	cims:stereotype: string vs URL
https://github.com/Sveino/Inst4CIM-KG/issues/105	`nc:FrequencyControlFuntion.targetValue` is misspelled
https://github.com/Sveino/Inst4CIM-KG/issues/106	spell-check all ontology terms
https://github.com/Sveino/Inst4CIM-KG/issues/107	`First_Terminal, Second_Terminal` use unusual separator
https://github.com/Sveino/Inst4CIM-KG/issues/108	missing "multiplier isFixed" in NC
https://github.com/Sveino/Inst4CIM-KG/issues/109	terms without rdfs:comment
https://github.com/Sveino/Inst4CIM-KG/issues/11	Remove Unused Enumeration Classes
https://github.com/Sveino/Inst4CIM-KG/issues/110	deploy JSON-LD contexts on a permanent network location
https://github.com/Sveino/Inst4CIM-KG/issues/113	deprecate `cims:AssociationUsed "No"` props (or even delete them?)
https://github.com/Sveino/Inst4CIM-KG/issues/114	wrong `cims:AssociationUsed` or lacking `owl:inverseOf`
https://github.com/Sveino/Inst4CIM-KG/issues/116	CIMXML converting strategy (re Model)
https://github.com/Sveino/Inst4CIM-KG/issues/117	multiply instance data 
https://github.com/Sveino/Inst4CIM-KG/issues/119	multiple per-profile graphs (in JSON-LD and Trig)
https://github.com/Sveino/Inst4CIM-KG/issues/12	Mis-declared Packages
https://github.com/Sveino/Inst4CIM-KG/issues/120	number representation in JSONLD
https://github.com/Sveino/Inst4CIM-KG/issues/121	Add vann:preferredNamespacePrefix
https://github.com/Sveino/Inst4CIM-KG/issues/122	mapping from `md, dm` to `dct, dcat, dcat-cim, prov`
https://github.com/Sveino/Inst4CIM-KG/issues/123	Align NC instance file to both CGMES 2.4 and CGMES 3.0
https://github.com/Sveino/Inst4CIM-KG/issues/124	examine props-same-name-different-range for errors
https://github.com/Sveino/Inst4CIM-KG/issues/125	fix props with multiple Ranges
https://github.com/Sveino/Inst4CIM-KG/issues/126	delete extraneous "source" files
https://github.com/Sveino/Inst4CIM-KG/issues/127	What is the unit for `Money` props?
https://github.com/Sveino/Inst4CIM-KG/issues/128	cost/price (xsd:decimal) props not defined as `dataType Money`
https://github.com/Sveino/Inst4CIM-KG/issues/13	Mis-defined Prefixes
https://github.com/Sveino/Inst4CIM-KG/issues/133	voc folder and image
https://github.com/Sveino/Inst4CIM-KG/issues/134	`ENTSO-E_Test_Configurations_v3.0.2` defects
https://github.com/Sveino/Inst4CIM-KG/issues/135	should we add type `rdfg:Graph` ?
https://github.com/Sveino/Inst4CIM-KG/issues/136	Mapping plain JSON to JSON-LD with LinkML
https://github.com/Sveino/Inst4CIM-KG/issues/137	consider using SHACL Compact
https://github.com/Sveino/Inst4CIM-KG/issues/139	avoid using abbreviatons in ontology terms
https://github.com/Sveino/Inst4CIM-KG/issues/14	don't dictate the use of blank nodes
https://github.com/Sveino/Inst4CIM-KG/issues/140	consider options for using SHACL on graphs
https://github.com/Sveino/Inst4CIM-KG/issues/141	SHACL: Do not prohibit inverse reasoning
https://github.com/Sveino/Inst4CIM-KG/issues/142	describe all issues in READMEs
https://github.com/Sveino/Inst4CIM-KG/issues/143	use slash not hash in instance URLs (and remove parasitic underscore)
https://github.com/Sveino/Inst4CIM-KG/issues/144	global semantic resolver for electrical data (I Have a Dream)
https://github.com/Sveino/Inst4CIM-KG/issues/145	do we need PropertyReference UUIDs in the ontologies?
https://github.com/Sveino/Inst4CIM-KG/issues/146	Mapping bidirectional UML relation to LinkML
https://github.com/Sveino/Inst4CIM-KG/issues/147	consider resolvable model (graph) URLs
https://github.com/Sveino/Inst4CIM-KG/issues/148	add URI options to `cim-trig.pl`?
https://github.com/Sveino/Inst4CIM-KG/issues/149	don't use Overly Specific Props; guidance when to use class vs subclass in prop name
https://github.com/Sveino/Inst4CIM-KG/issues/15	SHACL mixup between a node and its type
https://github.com/Sveino/Inst4CIM-KG/issues/150	SHACL: Checking Datatypes
https://github.com/Sveino/Inst4CIM-KG/issues/151	SHACL-improved readme
https://github.com/Sveino/Inst4CIM-KG/issues/152	discussion on Datatypes and Units of Measure 
https://github.com/Sveino/Inst4CIM-KG/issues/153	definitions: markdown vs asciidoc
https://github.com/Sveino/Inst4CIM-KG/issues/154	Updated Dataset header model
https://github.com/Sveino/Inst4CIM-KG/issues/155	CIMXML description of dcat:Dataset
https://github.com/Sveino/Inst4CIM-KG/issues/156	CIM needs subproperties
https://github.com/Sveino/Inst4CIM-KG/issues/157	SHACL: do not `import sh:`
https://github.com/Sveino/Inst4CIM-KG/issues/158	AC-DC confusion
https://github.com/Sveino/Inst4CIM-KG/issues/159	Test base urn:uuid:
https://github.com/Sveino/Inst4CIM-KG/issues/16	Don't use parasitic `PropertyShape`
https://github.com/Sveino/Inst4CIM-KG/issues/160	Rename V-A in CIM-QUDT mapping
https://github.com/Sveino/Inst4CIM-KG/issues/161	define `cims` ontology
https://github.com/Sveino/Inst4CIM-KG/issues/162	syntax for internal links (in ontology **definitions** to other ontology terms)
https://github.com/Sveino/Inst4CIM-KG/issues/17	Don't use SHACL SPARQL where SHACL Standard is enough
https://github.com/Sveino/Inst4CIM-KG/issues/18	Don't use tabs in SHACL files
https://github.com/Sveino/Inst4CIM-KG/issues/19	`valueType` shapes are complicated and incorrect
https://github.com/Sveino/Inst4CIM-KG/issues/20	replace `eumd:DateTimeStamp` with standard datatype, remove `eu:URI`
https://github.com/Sveino/Inst4CIM-KG/issues/21	HTML Tags and Escaped Entities in Definitions
https://github.com/Sveino/Inst4CIM-KG/issues/22	md:Statement is problematically defined
https://github.com/Sveino/Inst4CIM-KG/issues/23	`dcat:hasVersion` is defined inconsistently
https://github.com/Sveino/Inst4CIM-KG/issues/24	represent "deprecated" as owl:deprecated
https://github.com/Sveino/Inst4CIM-KG/issues/25	Header: `Resource1 ... Resource13`?
https://github.com/Sveino/Inst4CIM-KG/issues/26	replace `cims:inverseRoleName` by `owl:inverseOf`
https://github.com/Sveino/Inst4CIM-KG/issues/27	get rid of `profcim` Primitives
https://github.com/Sveino/Inst4CIM-KG/issues/28	define range of data props, use standard datatypes
https://github.com/Sveino/Inst4CIM-KG/issues/29	proposal to change representation of attributes and units
https://github.com/Sveino/Inst4CIM-KG/issues/3	Upload NC r2.3.1
https://github.com/Sveino/Inst4CIM-KG/issues/30	express single-value props as `owl:FunctionalProperty`
https://github.com/Sveino/Inst4CIM-KG/issues/31	change some langString to string
https://github.com/Sveino/Inst4CIM-KG/issues/32	fixes to `Ontology` metadata
https://github.com/Sveino/Inst4CIM-KG/issues/33	check ontology version URLs
https://github.com/Sveino/Inst4CIM-KG/issues/34	define prefixes `uml` and `xsd`
https://github.com/Sveino/Inst4CIM-KG/issues/35	publish ap-voc as ttl
https://github.com/Sveino/Inst4CIM-KG/issues/38	Datatypes and Units of Measure
https://github.com/Sveino/Inst4CIM-KG/issues/4	too many prefixes: remove per-profile prefixes
https://github.com/Sveino/Inst4CIM-KG/issues/40	Turtle: improve ordering of ontology terms
https://github.com/Sveino/Inst4CIM-KG/issues/41	upgrade from `RDFS2020` style to `RDFSEd2Beta` style
https://github.com/Sveino/Inst4CIM-KG/issues/42	how to map cim:RotationSpeed to QUDT
https://github.com/Sveino/Inst4CIM-KG/issues/43	CIM ApparentPower vs QUDT ComplexPower
https://github.com/Sveino/Inst4CIM-KG/issues/45	Fix Representation of NamedIndividuals
https://github.com/Sveino/Inst4CIM-KG/issues/46	fix representation of All QuantityKinds and Units
https://github.com/Sveino/Inst4CIM-KG/issues/47	remove spaces and lang tags from key values
https://github.com/Sveino/Inst4CIM-KG/issues/48	review issue labels (tags)
https://github.com/Sveino/Inst4CIM-KG/issues/49	Add Datatypes To Instance Data
https://github.com/Sveino/Inst4CIM-KG/issues/5	Duplication Between Ontologies
https://github.com/Sveino/Inst4CIM-KG/issues/50	define needed reasoning
https://github.com/Sveino/Inst4CIM-KG/issues/51	Update NC profiles release 2.3.1
https://github.com/Sveino/Inst4CIM-KG/issues/53	representing difference models
https://github.com/Sveino/Inst4CIM-KG/issues/54	migrate Vladimir's issues from `CIM4NoUtility`
https://github.com/Sveino/Inst4CIM-KG/issues/55	Representing datatypes in JSON-LD
https://github.com/Sveino/Inst4CIM-KG/issues/56	Design package URLs (namespaces)
https://github.com/Sveino/Inst4CIM-KG/issues/57	Keep ontology and profile URLs stable
https://github.com/Sveino/Inst4CIM-KG/issues/58	check out EDMC Tools for serialization, diff, hygiene checks, publication
https://github.com/Sveino/Inst4CIM-KG/issues/59	Establish ontology best practices and hygiene checks
https://github.com/Sveino/Inst4CIM-KG/issues/6	Whitespace in Definitions
https://github.com/Sveino/Inst4CIM-KG/issues/60	remove `AP` from `voc, con` file/folder names 
https://github.com/Sveino/Inst4CIM-KG/issues/61	replace cims:dataType with appropriate RDF/XSD datatypes
https://github.com/Sveino/Inst4CIM-KG/issues/62	add conversionFactor to cim:UnitMultiplier
https://github.com/Sveino/Inst4CIM-KG/issues/63	Naming of target files
https://github.com/Sveino/Inst4CIM-KG/issues/64	Upload latest files CGMES v3 from the Application library 
https://github.com/Sveino/Inst4CIM-KG/issues/67	How do you do OCL2SHACL?
https://github.com/Sveino/Inst4CIM-KG/issues/68	discrepancies in namespaces in RDFS2020 CGMES vs NC
https://github.com/Sveino/Inst4CIM-KG/issues/69	merge and fix DatasetMetadata, Header, FileHeader
https://github.com/Sveino/Inst4CIM-KG/issues/7	Wrong Declaration of Enumerations
https://github.com/Sveino/Inst4CIM-KG/issues/70	Express links to old ontology term URLs
https://github.com/Sveino/Inst4CIM-KG/issues/72	Datatype XMLLiteral in Definitions
https://github.com/Sveino/Inst4CIM-KG/issues/73	Multilinguality in CIM?
https://github.com/Sveino/Inst4CIM-KG/issues/74	Use Standard Datatypes
https://github.com/Sveino/Inst4CIM-KG/issues/75	Change Class and Property Kinds
https://github.com/Sveino/Inst4CIM-KG/issues/76	cim:ActivePowerPerFrequency.unit is wrong
https://github.com/Sveino/Inst4CIM-KG/issues/77	cim:VoltagePerReactivePower.multiplier is defined inconsistently
https://github.com/Sveino/Inst4CIM-KG/issues/78	remove "Compounds"? what is cim:Status?
https://github.com/Sveino/Inst4CIM-KG/issues/79	approve all closed issues
https://github.com/Sveino/Inst4CIM-KG/issues/8	namespace hijacking; CGMES-NC Header-AP-Voc-RDFS2020 wrong terms
https://github.com/Sveino/Inst4CIM-KG/issues/80	EIC linked data publication?
https://github.com/Sveino/Inst4CIM-KG/issues/81	remove values like `other`
https://github.com/Sveino/Inst4CIM-KG/issues/82	old namespace CIM-schema-cim16 used in Nordic44
https://github.com/Sveino/Inst4CIM-KG/issues/83	some literals that should be URLs
https://github.com/Sveino/Inst4CIM-KG/issues/84	missing datatypes
https://github.com/Sveino/Inst4CIM-KG/issues/85	problems converting xml files to turtle
https://github.com/Sveino/Inst4CIM-KG/issues/86	no connection of instance triples to Model
https://github.com/Sveino/Inst4CIM-KG/issues/87	bad relative URLs (need BASE or urn:uuid:)
https://github.com/Sveino/Inst4CIM-KG/issues/89	prof:hasArtifact use of xsd:anyURI
https://github.com/Sveino/Inst4CIM-KG/issues/9	CGMES-NC PowerSystemProject-AP-Voc-RDFS2020: junk terms
https://github.com/Sveino/Inst4CIM-KG/issues/91	generic identifiers (cim:Name)
https://github.com/Sveino/Inst4CIM-KG/issues/92	convert Discussions to Issues
https://github.com/Sveino/Inst4CIM-KG/issues/93	add lang to definitions, remove lang from labels
https://github.com/Sveino/Inst4CIM-KG/issues/94	make custom CIM XML parser
https://github.com/Sveino/Inst4CIM-KG/issues/95	which SHACL validators to try?
https://github.com/Sveino/Inst4CIM-KG/issues/96	coordinate props should be xsd:decimal
https://github.com/Sveino/Inst4CIM-KG/issues/97	check out CDC
https://github.com/Sveino/Inst4CIM-KG/issues/98	URL policy about MAS and BASE
https://github.com/Sveino/Inst4CIM-KG/issues/99	output ontologies as JSONLD
