p1,r1,p2,r2
cim:Status.value,xsd:string,nc:AvailabilityExceptionalLimit.value,xsd:float
cim:AccumulatorLimit.value,xsd:integer,nc:AvailabilityExceptionalLimit.value,xsd:float
cim:Command.value,xsd:integer,nc:AvailabilityExceptionalLimit.value,xsd:float
cim:ValueToAlias.value,xsd:integer,nc:AvailabilityExceptionalLimit.value,xsd:float
cim:TownDetail.section,xsd:string,nc:TCSCCompensationPoint.section,xsd:integer
cim:Command.normalValue,xsd:integer,nc:VoltageAngleLimit.normalValue,xsd:float
cim:DiagramObjectPoint.xPosition,xsd:float,cim:PositionPoint.xPosition,xsd:string
cim:DiagramObjectPoint.yPosition,xsd:float,cim:PositionPoint.yPosition,xsd:string
cim:DiagramObjectPoint.zPosition,xsd:float,cim:PositionPoint.zPosition,xsd:string
md:Model.version,xsd:integer,dcat:Resource.version,xsd:string
cim:Command.normalValue,xsd:integer,nc:RangeConstraint.normalValue,xsd:float
cim:Status.value,xsd:string,nc:GenericValueTimePoint.value,xsd:float
cim:AccumulatorLimit.value,xsd:integer,nc:GenericValueTimePoint.value,xsd:float
cim:Command.value,xsd:integer,nc:GenericValueTimePoint.value,xsd:float
cim:ValueToAlias.value,xsd:integer,nc:GenericValueTimePoint.value,xsd:float
nc:GateInputPin.absoluteValue,xsd:boolean,nc:PowerFlowResult.absoluteValue,xsd:float
nc:MeasurementCalculatorInput.absoluteValue,xsd:boolean,nc:PowerFlowResult.absoluteValue,xsd:float
cim:Status.value,xsd:string,nc:PowerFlowResult.value,xsd:float
cim:AccumulatorLimit.value,xsd:integer,nc:PowerFlowResult.value,xsd:float
cim:Command.value,xsd:integer,nc:PowerFlowResult.value,xsd:float
cim:ValueToAlias.value,xsd:integer,nc:PowerFlowResult.value,xsd:float
cim:Status.value,xsd:string,nc:ControllableQuantity.value,xsd:float
cim:AccumulatorLimit.value,xsd:integer,nc:ControllableQuantity.value,xsd:float
cim:Command.value,xsd:integer,nc:ControllableQuantity.value,xsd:float
cim:ValueToAlias.value,xsd:integer,nc:ControllableQuantity.value,xsd:float
cim:Status.value,xsd:string,nc:SensitivityFactor.value,xsd:float
cim:AccumulatorLimit.value,xsd:integer,nc:SensitivityFactor.value,xsd:float
cim:Command.value,xsd:integer,nc:SensitivityFactor.value,xsd:float
cim:ValueToAlias.value,xsd:integer,nc:SensitivityFactor.value,xsd:float
cim:RegularIntervalSchedule.endTime,xsd:dateTime,nc:HourPeriod.endTime,xsd:time
cim:BasicIntervalSchedule.startTime,xsd:dateTime,nc:HourPeriod.startTime,xsd:time
cim:GeneratingUnit.minimumOffTime,xsd:float,nc:PowerBidSchedule.minimumOffTime,xsd:duration
cim:Status.value,xsd:string,nc:VoltageAngleTimePoint.value,xsd:float
cim:AccumulatorLimit.value,xsd:integer,nc:VoltageAngleTimePoint.value,xsd:float
cim:Command.value,xsd:integer,nc:VoltageAngleTimePoint.value,xsd:float
cim:ValueToAlias.value,xsd:integer,nc:VoltageAngleTimePoint.value,xsd:float
cim:Status.value,xsd:string,nc:ActivePowerLimitTimePoint.value,xsd:float
cim:AccumulatorLimit.value,xsd:integer,nc:ActivePowerLimitTimePoint.value,xsd:float
cim:Command.value,xsd:integer,nc:ActivePowerLimitTimePoint.value,xsd:float
cim:ValueToAlias.value,xsd:integer,nc:ActivePowerLimitTimePoint.value,xsd:float
cim:Status.value,xsd:string,nc:ApparentPowerLimitTimePoint.value,xsd:float
cim:AccumulatorLimit.value,xsd:integer,nc:ApparentPowerLimitTimePoint.value,xsd:float
cim:Command.value,xsd:integer,nc:ApparentPowerLimitTimePoint.value,xsd:float
cim:ValueToAlias.value,xsd:integer,nc:ApparentPowerLimitTimePoint.value,xsd:float
cim:Status.value,xsd:string,nc:CurrentLimitTimePoint.value,xsd:float
cim:AccumulatorLimit.value,xsd:integer,nc:CurrentLimitTimePoint.value,xsd:float
cim:Command.value,xsd:integer,nc:CurrentLimitTimePoint.value,xsd:float
cim:ValueToAlias.value,xsd:integer,nc:CurrentLimitTimePoint.value,xsd:float
cim:TapChangerTablePoint.step,xsd:integer,nc:TapRegularSchedule.step,xsd:float
cim:TapChangerTablePoint.step,xsd:integer,nc:TapScheduleTimePoint.step,xsd:float
cim:Status.value,xsd:string,nc:VoltageLimitTimePoint.value,xsd:float
cim:AccumulatorLimit.value,xsd:integer,nc:VoltageLimitTimePoint.value,xsd:float
cim:Command.value,xsd:integer,nc:VoltageLimitTimePoint.value,xsd:float
cim:ValueToAlias.value,xsd:integer,nc:VoltageLimitTimePoint.value,xsd:float
cim:Status.value,xsd:string,nc:PTCActivePowerSupport.value,xsd:float
cim:AccumulatorLimit.value,xsd:integer,nc:PTCActivePowerSupport.value,xsd:float
cim:Command.value,xsd:integer,nc:PTCActivePowerSupport.value,xsd:float
cim:ValueToAlias.value,xsd:integer,nc:PTCActivePowerSupport.value,xsd:float
cim:Status.value,xsd:string,nc:RangeConstraint.value,xsd:float
cim:AccumulatorLimit.value,xsd:integer,nc:RangeConstraint.value,xsd:float
cim:Command.value,xsd:integer,nc:RangeConstraint.value,xsd:float
cim:ValueToAlias.value,xsd:integer,nc:RangeConstraint.value,xsd:float
cim:Status.value,xsd:string,nc:VoltageAngleLimit.value,xsd:float
cim:AccumulatorLimit.value,xsd:integer,nc:VoltageAngleLimit.value,xsd:float
cim:Command.value,xsd:integer,nc:VoltageAngleLimit.value,xsd:float
cim:ValueToAlias.value,xsd:integer,nc:VoltageAngleLimit.value,xsd:float
cim:ExcDC1A.exclim,xsd:boolean,cim:ExcIEEEDC2A.exclim,xsd:float
cim:ExcDC2A.exclim,xsd:boolean,cim:ExcIEEEDC2A.exclim,xsd:float
cim:ExcDC3A.exclim,xsd:boolean,cim:ExcIEEEDC2A.exclim,xsd:float
cim:ExcDC3A1.exclim,xsd:boolean,cim:ExcIEEEDC2A.exclim,xsd:float
cim:ExcIEEEDC1A.exclim,xsd:boolean,cim:ExcIEEEDC2A.exclim,xsd:float
cim:ExcIEEEDC2A.exclim,xsd:float,cim:ExcIEEEDC3A.exclim,xsd:boolean
cim:ExcAVR7.k1,xsd:float,cim:ExcST6B.k1,xsd:boolean
cim:ExcELIN2.k1,xsd:float,cim:ExcST6B.k1,xsd:boolean
cim:ExcSK.k1,xsd:float,cim:ExcST6B.k1,xsd:boolean
cim:ExcST6B.k1,xsd:boolean,cim:GovHydro3.k1,xsd:float
cim:ExcST6B.k1,xsd:boolean,cim:GovHydroDD.k1,xsd:float
cim:ExcST6B.k1,xsd:boolean,cim:GovSteam1.k1,xsd:float
cim:ExcST6B.k1,xsd:boolean,cim:GovSteamFV3.k1,xsd:float
cim:ExcST6B.k1,xsd:boolean,cim:GovSteamIEEE1.k1,xsd:float
cim:ExcST6B.k1,xsd:boolean,cim:GovSteamSGO.k1,xsd:float
cim:ExcAC1A.kd,xsd:float,cim:Pss1A.kd,xsd:boolean
cim:ExcAC2A.kd,xsd:float,cim:Pss1A.kd,xsd:boolean
cim:ExcAC3A.kd,xsd:float,cim:Pss1A.kd,xsd:boolean
cim:ExcAC6A.kd,xsd:float,cim:Pss1A.kd,xsd:boolean
cim:ExcAC8B.kd,xsd:float,cim:Pss1A.kd,xsd:boolean
cim:ExcIEEEAC1A.kd,xsd:float,cim:Pss1A.kd,xsd:boolean
cim:ExcIEEEAC2A.kd,xsd:float,cim:Pss1A.kd,xsd:boolean
cim:ExcIEEEAC3A.kd,xsd:float,cim:Pss1A.kd,xsd:boolean
cim:ExcIEEEAC6A.kd,xsd:float,cim:Pss1A.kd,xsd:boolean
cim:ExcIEEEAC7B.kd,xsd:float,cim:Pss1A.kd,xsd:boolean
cim:ExcIEEEAC8B.kd,xsd:float,cim:Pss1A.kd,xsd:boolean
cim:ExcIEEEDC4B.kd,xsd:float,cim:Pss1A.kd,xsd:boolean
cim:ExcOEX3T.kd,xsd:float,cim:Pss1A.kd,xsd:boolean
cim:ExcREXS.kd,xsd:float,cim:Pss1A.kd,xsd:boolean
cim:ExcSK.kd,xsd:float,cim:Pss1A.kd,xsd:boolean
cim:GovGASTWD.kd,xsd:float,cim:Pss1A.kd,xsd:boolean
cim:GovHydroPID.kd,xsd:float,cim:Pss1A.kd,xsd:boolean
cim:GovHydroPID2.kd,xsd:float,cim:Pss1A.kd,xsd:boolean
cim:GovHydroWEH.kd,xsd:float,cim:Pss1A.kd,xsd:boolean
cim:GovHydroWPID.kd,xsd:float,cim:Pss1A.kd,xsd:boolean
cim:GovSteamBB.kd,xsd:float,cim:Pss1A.kd,xsd:boolean
cim:OverexcLimX2.m,xsd:boolean,cim:Pss2B.m,xsd:integer
cim:ExcST6B.k1,xsd:boolean,cim:Pss2ST.k1,xsd:float
cim:OverexcLimX2.m,xsd:boolean,cim:PssIEEE2B.m,xsd:integer
cim:OverexcLimX2.m,xsd:boolean,cim:PssPTIST1.m,xsd:float
cim:Pss2B.m,xsd:integer,cim:PssPTIST1.m,xsd:float
cim:PssIEEE2B.m,xsd:integer,cim:PssPTIST1.m,xsd:float
cim:OverexcLimX2.m,xsd:boolean,cim:PssPTIST3.m,xsd:float
cim:Pss2B.m,xsd:integer,cim:PssPTIST3.m,xsd:float
cim:PssIEEE2B.m,xsd:integer,cim:PssPTIST3.m,xsd:float
cim:ExcST6B.k1,xsd:boolean,cim:PssSH.k1,xsd:float
cim:ExcST6B.k1,xsd:boolean,cim:PssSK.k1,xsd:float
cim:ExcST6B.k1,xsd:boolean,cim:PssWECC.k1,xsd:float
cim:ExcST6B.k1,xsd:boolean,cim:UnderexcLimIEEE2.k1,xsd:float
cim:Command.normalValue,xsd:integer,cim:CurrentLimit.normalValue,xsd:float
cim:TapChanger.step,xsd:float,cim:TapChangerTablePoint.step,xsd:integer
cim:Command.normalValue,xsd:integer,cim:VoltageLimit.normalValue,xsd:float
cim:AccumulatorLimit.value,xsd:integer,cim:Status.value,xsd:string
cim:AnalogLimit.value,xsd:float,cim:Status.value,xsd:string
cim:Command.value,xsd:integer,cim:Status.value,xsd:string
cim:SetPoint.value,xsd:float,cim:Status.value,xsd:string
cim:ActivePowerLimit.value,xsd:float,cim:Status.value,xsd:string
cim:ApparentPowerLimit.value,xsd:float,cim:Status.value,xsd:string
cim:CurrentLimit.value,xsd:float,cim:Status.value,xsd:string
cim:AccumulatorLimit.value,xsd:integer,cim:AnalogLimit.value,xsd:float
cim:ActivePowerLimit.normalValue,xsd:float,cim:Command.normalValue,xsd:integer
cim:ApparentPowerLimit.normalValue,xsd:float,cim:Command.normalValue,xsd:integer
cim:AnalogLimit.value,xsd:float,cim:Command.value,xsd:integer
cim:ActivePowerLimit.value,xsd:float,cim:Command.value,xsd:integer
cim:ApparentPowerLimit.value,xsd:float,cim:Command.value,xsd:integer
cim:Command.normalValue,xsd:integer,cim:SetPoint.normalValue,xsd:float
cim:AccumulatorLimit.value,xsd:integer,cim:SetPoint.value,xsd:float
cim:Command.value,xsd:integer,cim:SetPoint.value,xsd:float
cim:Status.value,xsd:string,cim:ValueToAlias.value,xsd:integer
cim:AnalogLimit.value,xsd:float,cim:ValueToAlias.value,xsd:integer
cim:SetPoint.value,xsd:float,cim:ValueToAlias.value,xsd:integer
cim:ActivePowerLimit.value,xsd:float,cim:ValueToAlias.value,xsd:integer
cim:ApparentPowerLimit.value,xsd:float,cim:ValueToAlias.value,xsd:integer
cim:CurrentLimit.value,xsd:float,cim:ValueToAlias.value,xsd:integer
cim:AccumulatorLimit.value,xsd:integer,cim:ActivePowerLimit.value,xsd:float
cim:AccumulatorLimit.value,xsd:integer,cim:ApparentPowerLimit.value,xsd:float
cim:AccumulatorLimit.value,xsd:integer,cim:CurrentLimit.value,xsd:float
cim:Command.value,xsd:integer,cim:CurrentLimit.value,xsd:float
cim:Status.value,xsd:string,cim:VoltageLimit.value,xsd:float
cim:AccumulatorLimit.value,xsd:integer,cim:VoltageLimit.value,xsd:float
cim:Command.value,xsd:integer,cim:VoltageLimit.value,xsd:float
cim:ValueToAlias.value,xsd:integer,cim:VoltageLimit.value,xsd:float
dct:Resource.publisher,xsd:string,dcat:Dataset.publisher,dcat:Dataset
cim:ExcIEEEDC1A.uelin,xsd:boolean,cim:ExcIEEEST1A.uelin,cim:ExcIEEEST1AUELselectorKind
cim:ExcIEEEDC2A.uelin,xsd:boolean,cim:ExcIEEEST1A.uelin,cim:ExcIEEEST1AUELselectorKind
cim:ExcIEEEDC4B.uelin,xsd:boolean,cim:ExcIEEEST1A.uelin,cim:ExcIEEEST1AUELselectorKind
cim:ExcIEEEDC4B.oelin,xsd:boolean,cim:ExcIEEEST6B.oelin,cim:ExcST6BOELselectorKind
cim:ExcIEEEDC4B.oelin,xsd:boolean,cim:ExcIEEEST7B.oelin,cim:ExcST7BOELselectorKind
cim:ExcIEEEDC1A.uelin,xsd:boolean,cim:ExcIEEEST7B.uelin,cim:ExcST7BUELselectorKind
cim:ExcIEEEDC2A.uelin,xsd:boolean,cim:ExcIEEEST7B.uelin,cim:ExcST7BUELselectorKind
cim:ExcIEEEDC4B.uelin,xsd:boolean,cim:ExcIEEEST7B.uelin,cim:ExcST7BUELselectorKind
cim:ExcIEEEST2A.uelin,xsd:boolean,cim:ExcIEEEST7B.uelin,cim:ExcST7BUELselectorKind
cim:ExcIEEEDC4B.oelin,xsd:boolean,cim:ExcST6B.oelin,cim:ExcST6BOELselectorKind
cim:ExcIEEEDC4B.oelin,xsd:boolean,cim:ExcST7B.oelin,cim:ExcST7BOELselectorKind
cim:ExcIEEEDC1A.uelin,xsd:boolean,cim:ExcST7B.uelin,cim:ExcST7BUELselectorKind
cim:ExcIEEEDC2A.uelin,xsd:boolean,cim:ExcST7B.uelin,cim:ExcST7BUELselectorKind
cim:ExcIEEEDC4B.uelin,xsd:boolean,cim:ExcST7B.uelin,cim:ExcST7BUELselectorKind
cim:ExcIEEEST2A.uelin,xsd:boolean,cim:ExcST7B.uelin,cim:ExcST7BUELselectorKind
cim:ExcST2A.uelin,xsd:boolean,cim:ExcST7B.uelin,cim:ExcST7BUELselectorKind
cim:GovHydro3.governorControl,xsd:boolean,cim:GovHydroFrancis.governorControl,cim:FrancisGovernorControlKind
cim:StreetDetail.type,xsd:string,cim:SynchronousMachine.type,cim:SynchronousMachineKind
cim:ControlArea.type,cim:ControlAreaTypeKind,nc:AutomationFunction.type,xsd:string
cim:SynchronousMachine.type,cim:SynchronousMachineKind,nc:AutomationFunction.type,xsd:string
cim:ControlArea.type,cim:ControlAreaTypeKind,nc:ObjectType.type,xsd:string
cim:SynchronousMachine.type,cim:SynchronousMachineKind,nc:ObjectType.type,xsd:string
cim:ExcIEEEST1A.uelin,cim:ExcIEEEST1AUELselectorKind,cim:ExcIEEEST2A.uelin,xsd:boolean
cim:ExcIEEEST1A.uelin,cim:ExcIEEEST1AUELselectorKind,cim:ExcST2A.uelin,xsd:boolean
cim:ExcIEEEST7B.uelin,cim:ExcST7BUELselectorKind,cim:ExcST2A.uelin,xsd:boolean
cim:ExcREXS.fbf,cim:ExcREXSFeedbackSignalKind,cim:TurbLCFB1.fbf,xsd:boolean
cim:ControlArea.type,cim:ControlAreaTypeKind,cim:StreetDetail.type,xsd:string
cim:Fault.kind,cim:PhaseConnectedFaultKind,nc:AvailabilityPowerSystemFunction.kind,nc:AvailabilityFunctionKind
eu:OperationalLimitType.kind,eu:LimitKind,nc:AvailabilityPowerSystemFunction.kind,nc:AvailabilityFunctionKind
nc:AssessedElementWithRemedialAction.RemedialAction,nc:RemedialAction,nc:AvailabilitySchedule.RemedialAction,nc:AvailabilityRemedialAction
nc:AvailabilityPowerSystemFunction.kind,nc:AvailabilityFunctionKind,nc:BaseTimeSeries.kind,nc:BaseTimeSeriesKind
cim:Fault.kind,cim:PhaseConnectedFaultKind,nc:BaseTimeSeries.kind,nc:BaseTimeSeriesKind
eu:OperationalLimitType.kind,eu:LimitKind,nc:BaseTimeSeries.kind,nc:BaseTimeSeriesKind
nc:AvailabilityPowerSystemFunction.kind,nc:AvailabilityFunctionKind,nc:ExceptionalContingency.kind,nc:ContingencyConditionKind
nc:BaseTimeSeries.kind,nc:BaseTimeSeriesKind,nc:ExceptionalContingency.kind,nc:ContingencyConditionKind
nc:EnergyType.kind,nc:EnergyKind,nc:ExceptionalContingency.kind,nc:ContingencyConditionKind
cim:Fault.kind,cim:PhaseConnectedFaultKind,nc:ExceptionalContingency.kind,nc:ContingencyConditionKind
eu:OperationalLimitType.kind,eu:LimitKind,nc:ExceptionalContingency.kind,nc:ContingencyConditionKind
cim:AuxiliaryEquipment.Terminal,cim:Terminal,cim:OperationalLimitSet.Terminal,cim:ACDCTerminal
nc:AvailabilityPowerSystemFunction.kind,nc:AvailabilityFunctionKind,nc:EnergyType.kind,nc:EnergyKind
nc:BaseTimeSeries.kind,nc:BaseTimeSeriesKind,nc:EnergyType.kind,nc:EnergyKind
cim:Fault.kind,cim:PhaseConnectedFaultKind,nc:EnergyType.kind,nc:EnergyKind
eu:OperationalLimitType.kind,eu:LimitKind,nc:EnergyType.kind,nc:EnergyKind
cim:OperationalLimitSet.Terminal,cim:ACDCTerminal,nc:FrequencyMonitoringTerminal.Terminal,cim:Terminal
cim:BusNameMarker.Terminal,cim:ACDCTerminal,nc:FrequencyMonitoringTerminal.Terminal,cim:Terminal
cim:Measurement.Terminal,cim:ACDCTerminal,nc:FrequencyMonitoringTerminal.Terminal,cim:Terminal
nc:AvailabilityPowerSystemFunction.kind,nc:AvailabilityFunctionKind,nc:GeothermalGeneratingUnit.kind,nc:GeothermalUnitKind
nc:BaseTimeSeries.kind,nc:BaseTimeSeriesKind,nc:GeothermalGeneratingUnit.kind,nc:GeothermalUnitKind
nc:ExceptionalContingency.kind,nc:ContingencyConditionKind,nc:GeothermalGeneratingUnit.kind,nc:GeothermalUnitKind
nc:EnergyType.kind,nc:EnergyKind,nc:GeothermalGeneratingUnit.kind,nc:GeothermalUnitKind
cim:Fault.kind,cim:PhaseConnectedFaultKind,nc:GeothermalGeneratingUnit.kind,nc:GeothermalUnitKind
nc:Gate.kind,nc:GateLogicKind,nc:GeothermalGeneratingUnit.kind,nc:GeothermalUnitKind
eu:OperationalLimitType.kind,eu:LimitKind,nc:GeothermalGeneratingUnit.kind,nc:GeothermalUnitKind
cim:OperationalLimitSet.Terminal,cim:ACDCTerminal,nc:PinTerminal.Terminal,cim:Terminal
cim:BusNameMarker.Terminal,cim:ACDCTerminal,nc:PinTerminal.Terminal,cim:Terminal
cim:Measurement.Terminal,cim:ACDCTerminal,nc:PinTerminal.Terminal,cim:Terminal
nc:AvailabilityPowerSystemFunction.kind,nc:AvailabilityFunctionKind,nc:PinTerminal.kind,nc:PinTerminalKind
nc:BaseTimeSeries.kind,nc:BaseTimeSeriesKind,nc:PinTerminal.kind,nc:PinTerminalKind
nc:ExceptionalContingency.kind,nc:ContingencyConditionKind,nc:PinTerminal.kind,nc:PinTerminalKind
nc:EnergyType.kind,nc:EnergyKind,nc:PinTerminal.kind,nc:PinTerminalKind
nc:GeothermalGeneratingUnit.kind,nc:GeothermalUnitKind,nc:PinTerminal.kind,nc:PinTerminalKind
cim:Fault.kind,cim:PhaseConnectedFaultKind,nc:PinTerminal.kind,nc:PinTerminalKind
nc:Gate.kind,nc:GateLogicKind,nc:PinTerminal.kind,nc:PinTerminalKind
nc:MeasurementCalculator.kind,nc:CalculationKind,nc:PinTerminal.kind,nc:PinTerminalKind
nc:PinDCTerminal.kind,nc:PinDCTerminalKind,nc:PinTerminal.kind,nc:PinTerminalKind
nc:PinPowerTransferCorridor.kind,nc:PinPowerTransferCorridorKind,nc:PinTerminal.kind,nc:PinTerminalKind
eu:OperationalLimitType.kind,eu:LimitKind,nc:PinTerminal.kind,nc:PinTerminalKind
nc:AvailabilityPowerSystemFunction.kind,nc:AvailabilityFunctionKind,nc:PowerElectricalChemicalUnit.kind,nc:PowerElectricalChemicalUnitKind
nc:BaseTimeSeries.kind,nc:BaseTimeSeriesKind,nc:PowerElectricalChemicalUnit.kind,nc:PowerElectricalChemicalUnitKind
nc:ExceptionalContingency.kind,nc:ContingencyConditionKind,nc:PowerElectricalChemicalUnit.kind,nc:PowerElectricalChemicalUnitKind
nc:EnergyType.kind,nc:EnergyKind,nc:PowerElectricalChemicalUnit.kind,nc:PowerElectricalChemicalUnitKind
nc:GeothermalGeneratingUnit.kind,nc:GeothermalUnitKind,nc:PowerElectricalChemicalUnit.kind,nc:PowerElectricalChemicalUnitKind
nc:PinTerminal.kind,nc:PinTerminalKind,nc:PowerElectricalChemicalUnit.kind,nc:PowerElectricalChemicalUnitKind
cim:Fault.kind,cim:PhaseConnectedFaultKind,nc:PowerElectricalChemicalUnit.kind,nc:PowerElectricalChemicalUnitKind
nc:Gate.kind,nc:GateLogicKind,nc:PowerElectricalChemicalUnit.kind,nc:PowerElectricalChemicalUnitKind
nc:MeasurementCalculator.kind,nc:CalculationKind,nc:PowerElectricalChemicalUnit.kind,nc:PowerElectricalChemicalUnitKind
nc:PinDCTerminal.kind,nc:PinDCTerminalKind,nc:PowerElectricalChemicalUnit.kind,nc:PowerElectricalChemicalUnitKind
nc:PinPowerTransferCorridor.kind,nc:PinPowerTransferCorridorKind,nc:PowerElectricalChemicalUnit.kind,nc:PowerElectricalChemicalUnitKind
nc:PowerBidDependency.kind,nc:PowerBidDependencyKind,nc:PowerElectricalChemicalUnit.kind,nc:PowerElectricalChemicalUnitKind
eu:OperationalLimitType.kind,eu:LimitKind,nc:PowerElectricalChemicalUnit.kind,nc:PowerElectricalChemicalUnitKind
nc:AvailabilityPowerSystemFunction.kind,nc:AvailabilityFunctionKind,nc:PowerElectronicsMarineUnit.kind,nc:MarineUnitKind
nc:BaseTimeSeries.kind,nc:BaseTimeSeriesKind,nc:PowerElectronicsMarineUnit.kind,nc:MarineUnitKind
nc:ExceptionalContingency.kind,nc:ContingencyConditionKind,nc:PowerElectronicsMarineUnit.kind,nc:MarineUnitKind
nc:EnergyType.kind,nc:EnergyKind,nc:PowerElectronicsMarineUnit.kind,nc:MarineUnitKind
nc:GeothermalGeneratingUnit.kind,nc:GeothermalUnitKind,nc:PowerElectronicsMarineUnit.kind,nc:MarineUnitKind
nc:PinTerminal.kind,nc:PinTerminalKind,nc:PowerElectronicsMarineUnit.kind,nc:MarineUnitKind
nc:PowerElectricalChemicalUnit.kind,nc:PowerElectricalChemicalUnitKind,nc:PowerElectronicsMarineUnit.kind,nc:MarineUnitKind
cim:Fault.kind,cim:PhaseConnectedFaultKind,nc:PowerElectronicsMarineUnit.kind,nc:MarineUnitKind
nc:Gate.kind,nc:GateLogicKind,nc:PowerElectronicsMarineUnit.kind,nc:MarineUnitKind
nc:MeasurementCalculator.kind,nc:CalculationKind,nc:PowerElectronicsMarineUnit.kind,nc:MarineUnitKind
nc:PinDCTerminal.kind,nc:PinDCTerminalKind,nc:PowerElectronicsMarineUnit.kind,nc:MarineUnitKind
nc:PinPowerTransferCorridor.kind,nc:PinPowerTransferCorridorKind,nc:PowerElectronicsMarineUnit.kind,nc:MarineUnitKind
nc:PowerBidDependency.kind,nc:PowerBidDependencyKind,nc:PowerElectronicsMarineUnit.kind,nc:MarineUnitKind
eu:OperationalLimitType.kind,eu:LimitKind,nc:PowerElectronicsMarineUnit.kind,nc:MarineUnitKind
nc:CompensatorController.mode,nc:CompensatorControlModeKind,nc:PowerFrequencyController.mode,nc:PowerFrequencyControlKind
nc:DirectCurrentEquipmentController.mode,nc:DCControlModeKind,nc:PowerFrequencyController.mode,nc:PowerFrequencyControlKind
nc:InjectionController.mode,nc:InjectionControlModeKind,nc:PowerFrequencyController.mode,nc:PowerFrequencyControlKind
cim:RegulatingControl.mode,cim:RegulatingControlModeKind,nc:PowerFrequencyController.mode,nc:PowerFrequencyControlKind
cim:PetersenCoil.mode,cim:PetersenCoilModeKind,nc:PowerFrequencyController.mode,nc:PowerFrequencyControlKind
nc:AvailabilitySchedule.RemedialAction,nc:AvailabilityRemedialAction,nc:RemedialActionImpact.RemedialAction,nc:RemedialAction
nc:RemedialActionGroup.RemedialAction,nc:RemedialActionDependency,nc:RemedialActionImpact.RemedialAction,nc:RemedialAction
nc:AvailabilitySchedule.RemedialAction,nc:AvailabilityRemedialAction,nc:RemedialActionOutcomeValue.RemedialAction,nc:RemedialAction
nc:RemedialActionGroup.RemedialAction,nc:RemedialActionDependency,nc:RemedialActionOutcomeValue.RemedialAction,nc:RemedialAction
nc:AvailabilityPowerSystemFunction.kind,nc:AvailabilityFunctionKind,nc:RemedialActionImpact.kind,nc:ImpactAgreementKind
nc:BaseTimeSeries.kind,nc:BaseTimeSeriesKind,nc:RemedialActionImpact.kind,nc:ImpactAgreementKind
nc:ExceptionalContingency.kind,nc:ContingencyConditionKind,nc:RemedialActionImpact.kind,nc:ImpactAgreementKind
nc:EnergyType.kind,nc:EnergyKind,nc:RemedialActionImpact.kind,nc:ImpactAgreementKind
nc:GeothermalGeneratingUnit.kind,nc:GeothermalUnitKind,nc:RemedialActionImpact.kind,nc:ImpactAgreementKind
nc:PinTerminal.kind,nc:PinTerminalKind,nc:RemedialActionImpact.kind,nc:ImpactAgreementKind
nc:PowerElectricalChemicalUnit.kind,nc:PowerElectricalChemicalUnitKind,nc:RemedialActionImpact.kind,nc:ImpactAgreementKind
nc:PowerElectronicsMarineUnit.kind,nc:MarineUnitKind,nc:RemedialActionImpact.kind,nc:ImpactAgreementKind
cim:Fault.kind,cim:PhaseConnectedFaultKind,nc:RemedialActionImpact.kind,nc:ImpactAgreementKind
nc:Gate.kind,nc:GateLogicKind,nc:RemedialActionImpact.kind,nc:ImpactAgreementKind
nc:MeasurementCalculator.kind,nc:CalculationKind,nc:RemedialActionImpact.kind,nc:ImpactAgreementKind
nc:PinDCTerminal.kind,nc:PinDCTerminalKind,nc:RemedialActionImpact.kind,nc:ImpactAgreementKind
nc:PinPowerTransferCorridor.kind,nc:PinPowerTransferCorridorKind,nc:RemedialActionImpact.kind,nc:ImpactAgreementKind
nc:RemedialAction.kind,nc:RemedialActionKind,nc:RemedialActionImpact.kind,nc:ImpactAgreementKind
nc:RemedialActionDependency.kind,nc:RemedialActionDependencyKind,nc:RemedialActionImpact.kind,nc:ImpactAgreementKind
nc:RemedialActionCost.kind,nc:CostSettledKind,nc:RemedialActionImpact.kind,nc:ImpactAgreementKind
nc:PowerBidDependency.kind,nc:PowerBidDependencyKind,nc:RemedialActionImpact.kind,nc:ImpactAgreementKind
eu:OperationalLimitType.kind,eu:LimitKind,nc:RemedialActionImpact.kind,nc:ImpactAgreementKind
cim:OperationalLimitSet.Terminal,cim:ACDCTerminal,nc:AreaBorderTerminal.Terminal,cim:Terminal
cim:BusNameMarker.Terminal,cim:ACDCTerminal,nc:AreaBorderTerminal.Terminal,cim:Terminal
cim:Measurement.Terminal,cim:ACDCTerminal,nc:AreaBorderTerminal.Terminal,cim:Terminal
cim:DCLine.Region,cim:SubGeographicalRegion,nc:MonitoringArea.Region,nc:Region
cim:SubGeographicalRegion.Region,cim:GeographicalRegion,nc:MonitoringArea.Region,nc:Region
cim:Line.Region,cim:SubGeographicalRegion,nc:MonitoringArea.Region,nc:Region
cim:Substation.Region,cim:SubGeographicalRegion,nc:MonitoringArea.Region,nc:Region
cim:OperationalLimitType.direction,cim:OperationalLimitDirectionKind,nc:PowerSchedule.direction,nc:RelativeDirectionKind
nc:PowerBidSchedule.direction,nc:BidDirectionKind,nc:PowerSchedule.direction,nc:RelativeDirectionKind
nc:AvailabilitySchedule.RemedialAction,nc:AvailabilityRemedialAction,nc:ContingencyWithRemedialAction.RemedialAction,nc:RemedialAction
nc:AvailabilityPowerSystemFunction.kind,nc:AvailabilityFunctionKind,nc:Gate.kind,nc:GateLogicKind
nc:BaseTimeSeries.kind,nc:BaseTimeSeriesKind,nc:Gate.kind,nc:GateLogicKind
nc:ExceptionalContingency.kind,nc:ContingencyConditionKind,nc:Gate.kind,nc:GateLogicKind
nc:EnergyType.kind,nc:EnergyKind,nc:Gate.kind,nc:GateLogicKind
cim:Fault.kind,cim:PhaseConnectedFaultKind,nc:Gate.kind,nc:GateLogicKind
eu:OperationalLimitType.kind,eu:LimitKind,nc:Gate.kind,nc:GateLogicKind
nc:AvailabilityPowerSystemFunction.kind,nc:AvailabilityFunctionKind,nc:MeasurementCalculator.kind,nc:CalculationKind
nc:BaseTimeSeries.kind,nc:BaseTimeSeriesKind,nc:MeasurementCalculator.kind,nc:CalculationKind
nc:ExceptionalContingency.kind,nc:ContingencyConditionKind,nc:MeasurementCalculator.kind,nc:CalculationKind
nc:EnergyType.kind,nc:EnergyKind,nc:MeasurementCalculator.kind,nc:CalculationKind
nc:GeothermalGeneratingUnit.kind,nc:GeothermalUnitKind,nc:MeasurementCalculator.kind,nc:CalculationKind
cim:Fault.kind,cim:PhaseConnectedFaultKind,nc:MeasurementCalculator.kind,nc:CalculationKind
nc:Gate.kind,nc:GateLogicKind,nc:MeasurementCalculator.kind,nc:CalculationKind
eu:OperationalLimitType.kind,eu:LimitKind,nc:MeasurementCalculator.kind,nc:CalculationKind
nc:AvailabilityPowerSystemFunction.kind,nc:AvailabilityFunctionKind,nc:PinDCTerminal.kind,nc:PinDCTerminalKind
nc:BaseTimeSeries.kind,nc:BaseTimeSeriesKind,nc:PinDCTerminal.kind,nc:PinDCTerminalKind
nc:ExceptionalContingency.kind,nc:ContingencyConditionKind,nc:PinDCTerminal.kind,nc:PinDCTerminalKind
nc:EnergyType.kind,nc:EnergyKind,nc:PinDCTerminal.kind,nc:PinDCTerminalKind
nc:GeothermalGeneratingUnit.kind,nc:GeothermalUnitKind,nc:PinDCTerminal.kind,nc:PinDCTerminalKind
cim:Fault.kind,cim:PhaseConnectedFaultKind,nc:PinDCTerminal.kind,nc:PinDCTerminalKind
nc:Gate.kind,nc:GateLogicKind,nc:PinDCTerminal.kind,nc:PinDCTerminalKind
nc:MeasurementCalculator.kind,nc:CalculationKind,nc:PinDCTerminal.kind,nc:PinDCTerminalKind
eu:OperationalLimitType.kind,eu:LimitKind,nc:PinDCTerminal.kind,nc:PinDCTerminalKind
nc:AvailabilityPowerSystemFunction.kind,nc:AvailabilityFunctionKind,nc:PinPowerTransferCorridor.kind,nc:PinPowerTransferCorridorKind
nc:BaseTimeSeries.kind,nc:BaseTimeSeriesKind,nc:PinPowerTransferCorridor.kind,nc:PinPowerTransferCorridorKind
nc:ExceptionalContingency.kind,nc:ContingencyConditionKind,nc:PinPowerTransferCorridor.kind,nc:PinPowerTransferCorridorKind
nc:EnergyType.kind,nc:EnergyKind,nc:PinPowerTransferCorridor.kind,nc:PinPowerTransferCorridorKind
nc:GeothermalGeneratingUnit.kind,nc:GeothermalUnitKind,nc:PinPowerTransferCorridor.kind,nc:PinPowerTransferCorridorKind
cim:Fault.kind,cim:PhaseConnectedFaultKind,nc:PinPowerTransferCorridor.kind,nc:PinPowerTransferCorridorKind
nc:Gate.kind,nc:GateLogicKind,nc:PinPowerTransferCorridor.kind,nc:PinPowerTransferCorridorKind
nc:MeasurementCalculator.kind,nc:CalculationKind,nc:PinPowerTransferCorridor.kind,nc:PinPowerTransferCorridorKind
nc:PinDCTerminal.kind,nc:PinDCTerminalKind,nc:PinPowerTransferCorridor.kind,nc:PinPowerTransferCorridorKind
eu:OperationalLimitType.kind,eu:LimitKind,nc:PinPowerTransferCorridor.kind,nc:PinPowerTransferCorridorKind
cim:OperationalLimitType.direction,cim:OperationalLimitDirectionKind,nc:RangeConstraint.direction,nc:RelativeDirectionKind
nc:PowerBidSchedule.direction,nc:BidDirectionKind,nc:RangeConstraint.direction,nc:RelativeDirectionKind
nc:AvailabilitySchedule.RemedialAction,nc:AvailabilityRemedialAction,nc:Region.RemedialAction,nc:RemedialAction
nc:AvailabilitySchedule.RemedialAction,nc:AvailabilityRemedialAction,nc:RemedialActionDependency.RemedialAction,nc:RemedialAction
nc:AvailabilitySchedule.RemedialAction,nc:AvailabilityRemedialAction,nc:SystemOperator.RemedialAction,nc:RemedialAction
nc:RemedialActionGroup.RemedialAction,nc:RemedialActionDependency,nc:SystemOperator.RemedialAction,nc:RemedialAction
nc:AvailabilityPowerSystemFunction.kind,nc:AvailabilityFunctionKind,nc:RemedialAction.kind,nc:RemedialActionKind
nc:BaseTimeSeries.kind,nc:BaseTimeSeriesKind,nc:RemedialAction.kind,nc:RemedialActionKind
nc:ExceptionalContingency.kind,nc:ContingencyConditionKind,nc:RemedialAction.kind,nc:RemedialActionKind
nc:EnergyType.kind,nc:EnergyKind,nc:RemedialAction.kind,nc:RemedialActionKind
nc:GeothermalGeneratingUnit.kind,nc:GeothermalUnitKind,nc:RemedialAction.kind,nc:RemedialActionKind
nc:PinTerminal.kind,nc:PinTerminalKind,nc:RemedialAction.kind,nc:RemedialActionKind
nc:PowerElectricalChemicalUnit.kind,nc:PowerElectricalChemicalUnitKind,nc:RemedialAction.kind,nc:RemedialActionKind
nc:PowerElectronicsMarineUnit.kind,nc:MarineUnitKind,nc:RemedialAction.kind,nc:RemedialActionKind
cim:Fault.kind,cim:PhaseConnectedFaultKind,nc:RemedialAction.kind,nc:RemedialActionKind
nc:Gate.kind,nc:GateLogicKind,nc:RemedialAction.kind,nc:RemedialActionKind
nc:MeasurementCalculator.kind,nc:CalculationKind,nc:RemedialAction.kind,nc:RemedialActionKind
nc:PinDCTerminal.kind,nc:PinDCTerminalKind,nc:RemedialAction.kind,nc:RemedialActionKind
nc:PinPowerTransferCorridor.kind,nc:PinPowerTransferCorridorKind,nc:RemedialAction.kind,nc:RemedialActionKind
nc:PowerBidDependency.kind,nc:PowerBidDependencyKind,nc:RemedialAction.kind,nc:RemedialActionKind
eu:OperationalLimitType.kind,eu:LimitKind,nc:RemedialAction.kind,nc:RemedialActionKind
nc:AssessedElementWithRemedialAction.RemedialAction,nc:RemedialAction,nc:RemedialActionGroup.RemedialAction,nc:RemedialActionDependency
nc:AvailabilitySchedule.RemedialAction,nc:AvailabilityRemedialAction,nc:RemedialActionGroup.RemedialAction,nc:RemedialActionDependency
nc:ContingencyWithRemedialAction.RemedialAction,nc:RemedialAction,nc:RemedialActionGroup.RemedialAction,nc:RemedialActionDependency
nc:Region.RemedialAction,nc:RemedialAction,nc:RemedialActionGroup.RemedialAction,nc:RemedialActionDependency
nc:RemedialActionDependency.RemedialAction,nc:RemedialAction,nc:RemedialActionGroup.RemedialAction,nc:RemedialActionDependency
nc:RemedialActionApplied.RemedialAction,nc:RemedialAction,nc:RemedialActionGroup.RemedialAction,nc:RemedialActionDependency
nc:ControllableQuantity.RemedialAction,nc:RemedialAction,nc:RemedialActionGroup.RemedialAction,nc:RemedialActionDependency
nc:GenericAvailableSchedule.RemedialAction,nc:RemedialAction,nc:RemedialActionGroup.RemedialAction,nc:RemedialActionDependency
nc:AvailabilityPowerSystemFunction.kind,nc:AvailabilityFunctionKind,nc:RemedialActionDependency.kind,nc:RemedialActionDependencyKind
nc:BaseTimeSeries.kind,nc:BaseTimeSeriesKind,nc:RemedialActionDependency.kind,nc:RemedialActionDependencyKind
nc:ExceptionalContingency.kind,nc:ContingencyConditionKind,nc:RemedialActionDependency.kind,nc:RemedialActionDependencyKind
nc:EnergyType.kind,nc:EnergyKind,nc:RemedialActionDependency.kind,nc:RemedialActionDependencyKind
nc:GeothermalGeneratingUnit.kind,nc:GeothermalUnitKind,nc:RemedialActionDependency.kind,nc:RemedialActionDependencyKind
nc:PinTerminal.kind,nc:PinTerminalKind,nc:RemedialActionDependency.kind,nc:RemedialActionDependencyKind
nc:PowerElectricalChemicalUnit.kind,nc:PowerElectricalChemicalUnitKind,nc:RemedialActionDependency.kind,nc:RemedialActionDependencyKind
nc:PowerElectronicsMarineUnit.kind,nc:MarineUnitKind,nc:RemedialActionDependency.kind,nc:RemedialActionDependencyKind
cim:Fault.kind,cim:PhaseConnectedFaultKind,nc:RemedialActionDependency.kind,nc:RemedialActionDependencyKind
nc:Gate.kind,nc:GateLogicKind,nc:RemedialActionDependency.kind,nc:RemedialActionDependencyKind
nc:MeasurementCalculator.kind,nc:CalculationKind,nc:RemedialActionDependency.kind,nc:RemedialActionDependencyKind
nc:PinDCTerminal.kind,nc:PinDCTerminalKind,nc:RemedialActionDependency.kind,nc:RemedialActionDependencyKind
nc:PinPowerTransferCorridor.kind,nc:PinPowerTransferCorridorKind,nc:RemedialActionDependency.kind,nc:RemedialActionDependencyKind
nc:RemedialAction.kind,nc:RemedialActionKind,nc:RemedialActionDependency.kind,nc:RemedialActionDependencyKind
nc:RemedialActionCost.kind,nc:CostSettledKind,nc:RemedialActionDependency.kind,nc:RemedialActionDependencyKind
nc:PowerBidDependency.kind,nc:PowerBidDependencyKind,nc:RemedialActionDependency.kind,nc:RemedialActionDependencyKind
eu:OperationalLimitType.kind,eu:LimitKind,nc:RemedialActionDependency.kind,nc:RemedialActionDependencyKind
nc:AvailabilityPowerSystemFunction.kind,nc:AvailabilityFunctionKind,nc:RemedialActionScheme.kind,nc:RemedialActionSchemeKind
nc:BaseTimeSeries.kind,nc:BaseTimeSeriesKind,nc:RemedialActionScheme.kind,nc:RemedialActionSchemeKind
nc:ExceptionalContingency.kind,nc:ContingencyConditionKind,nc:RemedialActionScheme.kind,nc:RemedialActionSchemeKind
nc:EnergyType.kind,nc:EnergyKind,nc:RemedialActionScheme.kind,nc:RemedialActionSchemeKind
nc:GeothermalGeneratingUnit.kind,nc:GeothermalUnitKind,nc:RemedialActionScheme.kind,nc:RemedialActionSchemeKind
nc:PinTerminal.kind,nc:PinTerminalKind,nc:RemedialActionScheme.kind,nc:RemedialActionSchemeKind
nc:PowerElectricalChemicalUnit.kind,nc:PowerElectricalChemicalUnitKind,nc:RemedialActionScheme.kind,nc:RemedialActionSchemeKind
nc:PowerElectronicsMarineUnit.kind,nc:MarineUnitKind,nc:RemedialActionScheme.kind,nc:RemedialActionSchemeKind
cim:Fault.kind,cim:PhaseConnectedFaultKind,nc:RemedialActionScheme.kind,nc:RemedialActionSchemeKind
nc:RemedialActionImpact.kind,nc:ImpactAgreementKind,nc:RemedialActionScheme.kind,nc:RemedialActionSchemeKind
nc:Gate.kind,nc:GateLogicKind,nc:RemedialActionScheme.kind,nc:RemedialActionSchemeKind
nc:MeasurementCalculator.kind,nc:CalculationKind,nc:RemedialActionScheme.kind,nc:RemedialActionSchemeKind
nc:PinDCTerminal.kind,nc:PinDCTerminalKind,nc:RemedialActionScheme.kind,nc:RemedialActionSchemeKind
nc:PinPowerTransferCorridor.kind,nc:PinPowerTransferCorridorKind,nc:RemedialActionScheme.kind,nc:RemedialActionSchemeKind
nc:RemedialAction.kind,nc:RemedialActionKind,nc:RemedialActionScheme.kind,nc:RemedialActionSchemeKind
nc:RemedialActionDependency.kind,nc:RemedialActionDependencyKind,nc:RemedialActionScheme.kind,nc:RemedialActionSchemeKind
nc:RemedialActionCost.kind,nc:CostSettledKind,nc:RemedialActionScheme.kind,nc:RemedialActionSchemeKind
nc:RemedialActionScheduleAcceptance.kind,nc:RemedialActionScheduleAcceptanceKind,nc:RemedialActionScheme.kind,nc:RemedialActionSchemeKind
nc:RemedialActionScheduleDependency.kind,nc:RemedialActionScheduleDependencyKind,nc:RemedialActionScheme.kind,nc:RemedialActionSchemeKind
nc:PowerBidDependency.kind,nc:PowerBidDependencyKind,nc:RemedialActionScheme.kind,nc:RemedialActionSchemeKind
eu:OperationalLimitType.kind,eu:LimitKind,nc:RemedialActionScheme.kind,nc:RemedialActionSchemeKind
nc:AvailabilitySchedule.RemedialAction,nc:AvailabilityRemedialAction,nc:RemedialActionSchedule.RemedialAction,nc:RemedialAction
nc:RemedialActionGroup.RemedialAction,nc:RemedialActionDependency,nc:RemedialActionSchedule.RemedialAction,nc:RemedialAction
nc:AvailabilityPowerSystemFunction.kind,nc:AvailabilityFunctionKind,nc:RemedialActionCost.kind,nc:CostSettledKind
nc:BaseTimeSeries.kind,nc:BaseTimeSeriesKind,nc:RemedialActionCost.kind,nc:CostSettledKind
nc:ExceptionalContingency.kind,nc:ContingencyConditionKind,nc:RemedialActionCost.kind,nc:CostSettledKind
nc:EnergyType.kind,nc:EnergyKind,nc:RemedialActionCost.kind,nc:CostSettledKind
nc:GeothermalGeneratingUnit.kind,nc:GeothermalUnitKind,nc:RemedialActionCost.kind,nc:CostSettledKind
nc:PinTerminal.kind,nc:PinTerminalKind,nc:RemedialActionCost.kind,nc:CostSettledKind
nc:PowerElectricalChemicalUnit.kind,nc:PowerElectricalChemicalUnitKind,nc:RemedialActionCost.kind,nc:CostSettledKind
nc:PowerElectronicsMarineUnit.kind,nc:MarineUnitKind,nc:RemedialActionCost.kind,nc:CostSettledKind
cim:Fault.kind,cim:PhaseConnectedFaultKind,nc:RemedialActionCost.kind,nc:CostSettledKind
nc:Gate.kind,nc:GateLogicKind,nc:RemedialActionCost.kind,nc:CostSettledKind
nc:MeasurementCalculator.kind,nc:CalculationKind,nc:RemedialActionCost.kind,nc:CostSettledKind
nc:PinDCTerminal.kind,nc:PinDCTerminalKind,nc:RemedialActionCost.kind,nc:CostSettledKind
nc:PinPowerTransferCorridor.kind,nc:PinPowerTransferCorridorKind,nc:RemedialActionCost.kind,nc:CostSettledKind
nc:RemedialAction.kind,nc:RemedialActionKind,nc:RemedialActionCost.kind,nc:CostSettledKind
nc:PowerBidDependency.kind,nc:PowerBidDependencyKind,nc:RemedialActionCost.kind,nc:CostSettledKind
eu:OperationalLimitType.kind,eu:LimitKind,nc:RemedialActionCost.kind,nc:CostSettledKind
nc:ProposingRemedialActionScheduleShare.ProposingEntity,nc:SystemOperator,nc:RemedialActionSchedule.ProposingEntity,nc:SecurityCoordinator
nc:AvailabilityPowerSystemFunction.kind,nc:AvailabilityFunctionKind,nc:RemedialActionScheduleAcceptance.kind,nc:RemedialActionScheduleAcceptanceKind
nc:BaseTimeSeries.kind,nc:BaseTimeSeriesKind,nc:RemedialActionScheduleAcceptance.kind,nc:RemedialActionScheduleAcceptanceKind
nc:ExceptionalContingency.kind,nc:ContingencyConditionKind,nc:RemedialActionScheduleAcceptance.kind,nc:RemedialActionScheduleAcceptanceKind
nc:EnergyType.kind,nc:EnergyKind,nc:RemedialActionScheduleAcceptance.kind,nc:RemedialActionScheduleAcceptanceKind
nc:GeothermalGeneratingUnit.kind,nc:GeothermalUnitKind,nc:RemedialActionScheduleAcceptance.kind,nc:RemedialActionScheduleAcceptanceKind
nc:PinTerminal.kind,nc:PinTerminalKind,nc:RemedialActionScheduleAcceptance.kind,nc:RemedialActionScheduleAcceptanceKind
nc:PowerElectricalChemicalUnit.kind,nc:PowerElectricalChemicalUnitKind,nc:RemedialActionScheduleAcceptance.kind,nc:RemedialActionScheduleAcceptanceKind
nc:PowerElectronicsMarineUnit.kind,nc:MarineUnitKind,nc:RemedialActionScheduleAcceptance.kind,nc:RemedialActionScheduleAcceptanceKind
cim:Fault.kind,cim:PhaseConnectedFaultKind,nc:RemedialActionScheduleAcceptance.kind,nc:RemedialActionScheduleAcceptanceKind
nc:RemedialActionImpact.kind,nc:ImpactAgreementKind,nc:RemedialActionScheduleAcceptance.kind,nc:RemedialActionScheduleAcceptanceKind
nc:Gate.kind,nc:GateLogicKind,nc:RemedialActionScheduleAcceptance.kind,nc:RemedialActionScheduleAcceptanceKind
nc:MeasurementCalculator.kind,nc:CalculationKind,nc:RemedialActionScheduleAcceptance.kind,nc:RemedialActionScheduleAcceptanceKind
nc:PinDCTerminal.kind,nc:PinDCTerminalKind,nc:RemedialActionScheduleAcceptance.kind,nc:RemedialActionScheduleAcceptanceKind
nc:PinPowerTransferCorridor.kind,nc:PinPowerTransferCorridorKind,nc:RemedialActionScheduleAcceptance.kind,nc:RemedialActionScheduleAcceptanceKind
nc:RemedialAction.kind,nc:RemedialActionKind,nc:RemedialActionScheduleAcceptance.kind,nc:RemedialActionScheduleAcceptanceKind
nc:RemedialActionDependency.kind,nc:RemedialActionDependencyKind,nc:RemedialActionScheduleAcceptance.kind,nc:RemedialActionScheduleAcceptanceKind
nc:RemedialActionCost.kind,nc:CostSettledKind,nc:RemedialActionScheduleAcceptance.kind,nc:RemedialActionScheduleAcceptanceKind
nc:PowerBidDependency.kind,nc:PowerBidDependencyKind,nc:RemedialActionScheduleAcceptance.kind,nc:RemedialActionScheduleAcceptanceKind
eu:OperationalLimitType.kind,eu:LimitKind,nc:RemedialActionScheduleAcceptance.kind,nc:RemedialActionScheduleAcceptanceKind
nc:AvailabilityPowerSystemFunction.kind,nc:AvailabilityFunctionKind,nc:RemedialActionScheduleDependency.kind,nc:RemedialActionScheduleDependencyKind
nc:BaseTimeSeries.kind,nc:BaseTimeSeriesKind,nc:RemedialActionScheduleDependency.kind,nc:RemedialActionScheduleDependencyKind
nc:ExceptionalContingency.kind,nc:ContingencyConditionKind,nc:RemedialActionScheduleDependency.kind,nc:RemedialActionScheduleDependencyKind
nc:EnergyType.kind,nc:EnergyKind,nc:RemedialActionScheduleDependency.kind,nc:RemedialActionScheduleDependencyKind
nc:GeothermalGeneratingUnit.kind,nc:GeothermalUnitKind,nc:RemedialActionScheduleDependency.kind,nc:RemedialActionScheduleDependencyKind
nc:PinTerminal.kind,nc:PinTerminalKind,nc:RemedialActionScheduleDependency.kind,nc:RemedialActionScheduleDependencyKind
nc:PowerElectricalChemicalUnit.kind,nc:PowerElectricalChemicalUnitKind,nc:RemedialActionScheduleDependency.kind,nc:RemedialActionScheduleDependencyKind
nc:PowerElectronicsMarineUnit.kind,nc:MarineUnitKind,nc:RemedialActionScheduleDependency.kind,nc:RemedialActionScheduleDependencyKind
cim:Fault.kind,cim:PhaseConnectedFaultKind,nc:RemedialActionScheduleDependency.kind,nc:RemedialActionScheduleDependencyKind
nc:RemedialActionImpact.kind,nc:ImpactAgreementKind,nc:RemedialActionScheduleDependency.kind,nc:RemedialActionScheduleDependencyKind
nc:Gate.kind,nc:GateLogicKind,nc:RemedialActionScheduleDependency.kind,nc:RemedialActionScheduleDependencyKind
nc:MeasurementCalculator.kind,nc:CalculationKind,nc:RemedialActionScheduleDependency.kind,nc:RemedialActionScheduleDependencyKind
nc:PinDCTerminal.kind,nc:PinDCTerminalKind,nc:RemedialActionScheduleDependency.kind,nc:RemedialActionScheduleDependencyKind
nc:PinPowerTransferCorridor.kind,nc:PinPowerTransferCorridorKind,nc:RemedialActionScheduleDependency.kind,nc:RemedialActionScheduleDependencyKind
nc:RemedialAction.kind,nc:RemedialActionKind,nc:RemedialActionScheduleDependency.kind,nc:RemedialActionScheduleDependencyKind
nc:RemedialActionDependency.kind,nc:RemedialActionDependencyKind,nc:RemedialActionScheduleDependency.kind,nc:RemedialActionScheduleDependencyKind
nc:RemedialActionCost.kind,nc:CostSettledKind,nc:RemedialActionScheduleDependency.kind,nc:RemedialActionScheduleDependencyKind
nc:RemedialActionScheduleAcceptance.kind,nc:RemedialActionScheduleAcceptanceKind,nc:RemedialActionScheduleDependency.kind,nc:RemedialActionScheduleDependencyKind
nc:PowerBidDependency.kind,nc:PowerBidDependencyKind,nc:RemedialActionScheduleDependency.kind,nc:RemedialActionScheduleDependencyKind
eu:OperationalLimitType.kind,eu:LimitKind,nc:RemedialActionScheduleDependency.kind,nc:RemedialActionScheduleDependencyKind
nc:AvailabilitySchedule.RemedialAction,nc:AvailabilityRemedialAction,nc:RemedialActionApplied.RemedialAction,nc:RemedialAction
nc:AvailabilitySchedule.RemedialAction,nc:AvailabilityRemedialAction,nc:ControllableQuantity.RemedialAction,nc:RemedialAction
nc:AvailabilityPowerSystemFunction.kind,nc:AvailabilityFunctionKind,nc:SensitivityMatrix.kind,nc:SensitivityMatrixKind
nc:BaseTimeSeries.kind,nc:BaseTimeSeriesKind,nc:SensitivityMatrix.kind,nc:SensitivityMatrixKind
nc:ExceptionalContingency.kind,nc:ContingencyConditionKind,nc:SensitivityMatrix.kind,nc:SensitivityMatrixKind
nc:EnergyType.kind,nc:EnergyKind,nc:SensitivityMatrix.kind,nc:SensitivityMatrixKind
nc:GeothermalGeneratingUnit.kind,nc:GeothermalUnitKind,nc:SensitivityMatrix.kind,nc:SensitivityMatrixKind
nc:PinTerminal.kind,nc:PinTerminalKind,nc:SensitivityMatrix.kind,nc:SensitivityMatrixKind
nc:PowerElectricalChemicalUnit.kind,nc:PowerElectricalChemicalUnitKind,nc:SensitivityMatrix.kind,nc:SensitivityMatrixKind
nc:PowerElectronicsMarineUnit.kind,nc:MarineUnitKind,nc:SensitivityMatrix.kind,nc:SensitivityMatrixKind
cim:Fault.kind,cim:PhaseConnectedFaultKind,nc:SensitivityMatrix.kind,nc:SensitivityMatrixKind
nc:RemedialActionImpact.kind,nc:ImpactAgreementKind,nc:SensitivityMatrix.kind,nc:SensitivityMatrixKind
nc:Gate.kind,nc:GateLogicKind,nc:SensitivityMatrix.kind,nc:SensitivityMatrixKind
nc:MeasurementCalculator.kind,nc:CalculationKind,nc:SensitivityMatrix.kind,nc:SensitivityMatrixKind
nc:PinDCTerminal.kind,nc:PinDCTerminalKind,nc:SensitivityMatrix.kind,nc:SensitivityMatrixKind
nc:PinPowerTransferCorridor.kind,nc:PinPowerTransferCorridorKind,nc:SensitivityMatrix.kind,nc:SensitivityMatrixKind
nc:RemedialAction.kind,nc:RemedialActionKind,nc:SensitivityMatrix.kind,nc:SensitivityMatrixKind
nc:RemedialActionDependency.kind,nc:RemedialActionDependencyKind,nc:SensitivityMatrix.kind,nc:SensitivityMatrixKind
nc:RemedialActionScheme.kind,nc:RemedialActionSchemeKind,nc:SensitivityMatrix.kind,nc:SensitivityMatrixKind
nc:RemedialActionCost.kind,nc:CostSettledKind,nc:SensitivityMatrix.kind,nc:SensitivityMatrixKind
nc:RemedialActionScheduleAcceptance.kind,nc:RemedialActionScheduleAcceptanceKind,nc:SensitivityMatrix.kind,nc:SensitivityMatrixKind
nc:RemedialActionScheduleDependency.kind,nc:RemedialActionScheduleDependencyKind,nc:SensitivityMatrix.kind,nc:SensitivityMatrixKind
nc:PowerBidDependency.kind,nc:PowerBidDependencyKind,nc:SensitivityMatrix.kind,nc:SensitivityMatrixKind
eu:OperationalLimitType.kind,eu:LimitKind,nc:SensitivityMatrix.kind,nc:SensitivityMatrixKind
nc:AvailabilitySchedule.RemedialAction,nc:AvailabilityRemedialAction,nc:GenericAvailableSchedule.RemedialAction,nc:RemedialAction
nc:AvailabilityPowerSystemFunction.kind,nc:AvailabilityFunctionKind,nc:PowerBidDependency.kind,nc:PowerBidDependencyKind
nc:BaseTimeSeries.kind,nc:BaseTimeSeriesKind,nc:PowerBidDependency.kind,nc:PowerBidDependencyKind
nc:ExceptionalContingency.kind,nc:ContingencyConditionKind,nc:PowerBidDependency.kind,nc:PowerBidDependencyKind
nc:EnergyType.kind,nc:EnergyKind,nc:PowerBidDependency.kind,nc:PowerBidDependencyKind
nc:GeothermalGeneratingUnit.kind,nc:GeothermalUnitKind,nc:PowerBidDependency.kind,nc:PowerBidDependencyKind
nc:PinTerminal.kind,nc:PinTerminalKind,nc:PowerBidDependency.kind,nc:PowerBidDependencyKind
cim:Fault.kind,cim:PhaseConnectedFaultKind,nc:PowerBidDependency.kind,nc:PowerBidDependencyKind
nc:Gate.kind,nc:GateLogicKind,nc:PowerBidDependency.kind,nc:PowerBidDependencyKind
nc:MeasurementCalculator.kind,nc:CalculationKind,nc:PowerBidDependency.kind,nc:PowerBidDependencyKind
nc:PinDCTerminal.kind,nc:PinDCTerminalKind,nc:PowerBidDependency.kind,nc:PowerBidDependencyKind
nc:PinPowerTransferCorridor.kind,nc:PinPowerTransferCorridorKind,nc:PowerBidDependency.kind,nc:PowerBidDependencyKind
eu:OperationalLimitType.kind,eu:LimitKind,nc:PowerBidDependency.kind,nc:PowerBidDependencyKind
cim:OperationalLimitType.direction,cim:OperationalLimitDirectionKind,nc:PowerBidSchedule.direction,nc:BidDirectionKind
cim:SynchronousMachine.operatingMode,cim:SynchronousMachineOperatingMode,nc:CsConverterRegularSchedule.operatingMode,cim:CsOperatingModeKind
cim:VsConverter.pPccControl,cim:VsPpccControlKind,nc:CsConverterRegularSchedule.pPccControl,cim:CsPpccControlKind
nc:CsConverter.CsConverterSchedule,nc:CsConverterRegularSchedule,nc:CsConverterTimePoint.CsConverterSchedule,nc:CsConverterSchedule
cim:SynchronousMachine.operatingMode,cim:SynchronousMachineOperatingMode,nc:CsConverterTimePoint.operatingMode,cim:CsOperatingModeKind
cim:VsConverter.pPccControl,cim:VsPpccControlKind,nc:CsConverterTimePoint.pPccControl,cim:CsPpccControlKind
nc:EnergyConnection.EnergyConnectionSchedule,nc:EnergyConnectionRegularSchedule,nc:EnergyConnectionTimePoint.EnergyConnectionSchedule,nc:EnergyConnectionSchedule
nc:CsConverterRegularSchedule.operatingMode,cim:CsOperatingModeKind,nc:SynchronousMachineRegularSchedule.operatingMode,cim:SynchronousMachineOperatingMode
nc:CsConverterTimePoint.operatingMode,cim:CsOperatingModeKind,nc:SynchronousMachineRegularSchedule.operatingMode,cim:SynchronousMachineOperatingMode
cim:CsConverter.operatingMode,cim:CsOperatingModeKind,nc:SynchronousMachineRegularSchedule.operatingMode,cim:SynchronousMachineOperatingMode
nc:CsConverterRegularSchedule.operatingMode,cim:CsOperatingModeKind,nc:SynchronousMachineTimePoint.operatingMode,cim:SynchronousMachineOperatingMode
nc:CsConverterTimePoint.operatingMode,cim:CsOperatingModeKind,nc:SynchronousMachineTimePoint.operatingMode,cim:SynchronousMachineOperatingMode
cim:CsConverter.operatingMode,cim:CsOperatingModeKind,nc:SynchronousMachineTimePoint.operatingMode,cim:SynchronousMachineOperatingMode
nc:CsConverterRegularSchedule.pPccControl,cim:CsPpccControlKind,nc:VsConverterRegularSchedule.pPccControl,cim:VsPpccControlKind
nc:CsConverterTimePoint.pPccControl,cim:CsPpccControlKind,nc:VsConverterRegularSchedule.pPccControl,cim:VsPpccControlKind
cim:CsConverter.pPccControl,cim:CsPpccControlKind,nc:VsConverterRegularSchedule.pPccControl,cim:VsPpccControlKind
nc:CsConverterRegularSchedule.pPccControl,cim:CsPpccControlKind,nc:VsConverterTimePoint.pPccControl,cim:VsPpccControlKind
nc:CsConverterTimePoint.pPccControl,cim:CsPpccControlKind,nc:VsConverterTimePoint.pPccControl,cim:VsPpccControlKind
cim:CsConverter.pPccControl,cim:CsPpccControlKind,nc:VsConverterTimePoint.pPccControl,cim:VsPpccControlKind
cim:RegulatingControl.mode,cim:RegulatingControlModeKind,nc:CompensatorController.mode,nc:CompensatorControlModeKind
cim:PetersenCoil.mode,cim:PetersenCoilModeKind,nc:CompensatorController.mode,nc:CompensatorControlModeKind
nc:CompensatorController.mode,nc:CompensatorControlModeKind,nc:DirectCurrentEquipmentController.mode,nc:DCControlModeKind
cim:RegulatingControl.mode,cim:RegulatingControlModeKind,nc:DirectCurrentEquipmentController.mode,nc:DCControlModeKind
cim:PetersenCoil.mode,cim:PetersenCoilModeKind,nc:DirectCurrentEquipmentController.mode,nc:DCControlModeKind
nc:CompensatorController.mode,nc:CompensatorControlModeKind,nc:InjectionController.mode,nc:InjectionControlModeKind
nc:DirectCurrentEquipmentController.mode,nc:DCControlModeKind,nc:InjectionController.mode,nc:InjectionControlModeKind
cim:RegulatingControl.mode,cim:RegulatingControlModeKind,nc:InjectionController.mode,nc:InjectionControlModeKind
cim:PetersenCoil.mode,cim:PetersenCoilModeKind,nc:InjectionController.mode,nc:InjectionControlModeKind
nc:PowerFrequencyController.mode,nc:PowerFrequencyControlKind,nc:RotatingMachineController.mode,nc:RotatingMachineControlModeKind
nc:CompensatorController.mode,nc:CompensatorControlModeKind,nc:RotatingMachineController.mode,nc:RotatingMachineControlModeKind
nc:DirectCurrentEquipmentController.mode,nc:DCControlModeKind,nc:RotatingMachineController.mode,nc:RotatingMachineControlModeKind
nc:InjectionController.mode,nc:InjectionControlModeKind,nc:RotatingMachineController.mode,nc:RotatingMachineControlModeKind
cim:RegulatingControl.mode,cim:RegulatingControlModeKind,nc:RotatingMachineController.mode,nc:RotatingMachineControlModeKind
cim:PetersenCoil.mode,cim:PetersenCoilModeKind,nc:RotatingMachineController.mode,nc:RotatingMachineControlModeKind
nc:PowerFrequencyController.mode,nc:PowerFrequencyControlKind,nc:SSSCController.mode,nc:SSSCControlModeKind
nc:CompensatorController.mode,nc:CompensatorControlModeKind,nc:SSSCController.mode,nc:SSSCControlModeKind
nc:DirectCurrentEquipmentController.mode,nc:DCControlModeKind,nc:SSSCController.mode,nc:SSSCControlModeKind
nc:InjectionController.mode,nc:InjectionControlModeKind,nc:SSSCController.mode,nc:SSSCControlModeKind
nc:RotatingMachineController.mode,nc:RotatingMachineControlModeKind,nc:SSSCController.mode,nc:SSSCControlModeKind
cim:RegulatingControl.mode,cim:RegulatingControlModeKind,nc:SSSCController.mode,nc:SSSCControlModeKind
cim:PetersenCoil.mode,cim:PetersenCoilModeKind,nc:SSSCController.mode,nc:SSSCControlModeKind
nc:PowerFrequencyController.mode,nc:PowerFrequencyControlKind,nc:SubstationController.mode,nc:SubstationControllerModeKind
nc:CompensatorController.mode,nc:CompensatorControlModeKind,nc:SubstationController.mode,nc:SubstationControllerModeKind
nc:DirectCurrentEquipmentController.mode,nc:DCControlModeKind,nc:SubstationController.mode,nc:SubstationControllerModeKind
nc:InjectionController.mode,nc:InjectionControlModeKind,nc:SubstationController.mode,nc:SubstationControllerModeKind
nc:RotatingMachineController.mode,nc:RotatingMachineControlModeKind,nc:SubstationController.mode,nc:SubstationControllerModeKind
nc:SSSCController.mode,nc:SSSCControlModeKind,nc:SubstationController.mode,nc:SubstationControllerModeKind
cim:RegulatingControl.mode,cim:RegulatingControlModeKind,nc:SubstationController.mode,nc:SubstationControllerModeKind
cim:PetersenCoil.mode,cim:PetersenCoilModeKind,nc:SubstationController.mode,nc:SubstationControllerModeKind
nc:PowerFrequencyController.mode,nc:PowerFrequencyControlKind,nc:TCSCController.mode,nc:TCSCControlModeKind
nc:CompensatorController.mode,nc:CompensatorControlModeKind,nc:TCSCController.mode,nc:TCSCControlModeKind
nc:DirectCurrentEquipmentController.mode,nc:DCControlModeKind,nc:TCSCController.mode,nc:TCSCControlModeKind
nc:InjectionController.mode,nc:InjectionControlModeKind,nc:TCSCController.mode,nc:TCSCControlModeKind
nc:RotatingMachineController.mode,nc:RotatingMachineControlModeKind,nc:TCSCController.mode,nc:TCSCControlModeKind
nc:SSSCController.mode,nc:SSSCControlModeKind,nc:TCSCController.mode,nc:TCSCControlModeKind
nc:SubstationController.mode,nc:SubstationControllerModeKind,nc:TCSCController.mode,nc:TCSCControlModeKind
cim:RegulatingControl.mode,cim:RegulatingControlModeKind,nc:TCSCController.mode,nc:TCSCControlModeKind
cim:PetersenCoil.mode,cim:PetersenCoilModeKind,nc:TCSCController.mode,nc:TCSCControlModeKind
cim:ExcIEEEST6B.oelin,cim:ExcST6BOELselectorKind,cim:ExcIEEEST7B.oelin,cim:ExcST7BOELselectorKind
cim:ExcIEEEST1A.uelin,cim:ExcIEEEST1AUELselectorKind,cim:ExcIEEEST7B.uelin,cim:ExcST7BUELselectorKind
cim:ExcIEEEST7B.oelin,cim:ExcST7BOELselectorKind,cim:ExcST6B.oelin,cim:ExcST6BOELselectorKind
cim:ExcIEEEST6B.oelin,cim:ExcST6BOELselectorKind,cim:ExcST7B.oelin,cim:ExcST7BOELselectorKind
cim:ExcST6B.oelin,cim:ExcST6BOELselectorKind,cim:ExcST7B.oelin,cim:ExcST7BOELselectorKind
cim:ExcIEEEST1A.uelin,cim:ExcIEEEST1AUELselectorKind,cim:ExcST7B.uelin,cim:ExcST7BUELselectorKind
cim:OperationalLimitSet.Terminal,cim:ACDCTerminal,cim:RemoteInputSignal.Terminal,cim:Terminal
cim:BusNameMarker.Terminal,cim:ACDCTerminal,cim:RemoteInputSignal.Terminal,cim:Terminal
cim:Measurement.Terminal,cim:ACDCTerminal,cim:RemoteInputSignal.Terminal,cim:Terminal
cim:AuxiliaryEquipment.Terminal,cim:Terminal,cim:BusNameMarker.Terminal,cim:ACDCTerminal
cim:ACDCConverter.DCTerminals,cim:ACDCConverterDCTerminal,cim:DCNode.DCTerminals,cim:DCBaseTerminal
cim:DCConductingEquipment.DCTerminals,cim:DCTerminal,cim:DCNode.DCTerminals,cim:DCBaseTerminal
cim:ACDCConverter.DCTerminals,cim:ACDCConverterDCTerminal,cim:DCConductingEquipment.DCTerminals,cim:DCTerminal
cim:ACDCConverterDCTerminal.DCConductingEquipment,cim:ACDCConverter,cim:DCTerminal.DCConductingEquipment,cim:DCConductingEquipment
cim:DCLine.Region,cim:SubGeographicalRegion,cim:SubGeographicalRegion.Region,cim:GeographicalRegion
cim:Line.Region,cim:SubGeographicalRegion,cim:SubGeographicalRegion.Region,cim:GeographicalRegion
cim:ConformLoad.LoadGroup,cim:ConformLoadGroup,cim:NonConformLoad.LoadGroup,cim:NonConformLoadGroup
cim:ConformLoadGroup.EnergyConsumers,cim:ConformLoad,cim:NonConformLoadGroup.EnergyConsumers,cim:NonConformLoad
cim:OperationalLimitSet.Terminal,cim:ACDCTerminal,cim:RegulatingControl.Terminal,cim:Terminal
cim:BusNameMarker.Terminal,cim:ACDCTerminal,cim:RegulatingControl.Terminal,cim:Terminal
cim:Measurement.Terminal,cim:ACDCTerminal,cim:RegulatingControl.Terminal,cim:Terminal
cim:PetersenCoil.mode,cim:PetersenCoilModeKind,cim:RegulatingControl.mode,cim:RegulatingControlModeKind
cim:SubGeographicalRegion.Region,cim:GeographicalRegion,cim:Substation.Region,cim:SubGeographicalRegion
cim:ControlArea.type,cim:ControlAreaTypeKind,cim:SynchronousMachine.type,cim:SynchronousMachineKind
cim:OperationalLimitSet.Terminal,cim:ACDCTerminal,cim:TieFlow.Terminal,cim:Terminal
cim:BusNameMarker.Terminal,cim:ACDCTerminal,cim:TieFlow.Terminal,cim:Terminal
cim:Measurement.Terminal,cim:ACDCTerminal,cim:TieFlow.Terminal,cim:Terminal
cim:OperationalLimitSet.Terminal,cim:ACDCTerminal,cim:TransformerEnd.Terminal,cim:Terminal
cim:BusNameMarker.Terminal,cim:ACDCTerminal,cim:TransformerEnd.Terminal,cim:Terminal
cim:Measurement.Terminal,cim:ACDCTerminal,cim:TransformerEnd.Terminal,cim:Terminal
cim:Fault.kind,cim:PhaseConnectedFaultKind,eu:OperationalLimitType.kind,eu:LimitKind
cim:AuxiliaryEquipment.Terminal,cim:Terminal,cim:Measurement.Terminal,cim:ACDCTerminal
cim:ACDCTerminal.Measurements,cim:Measurement,cim:AccumulatorLimitSet.Measurements,cim:Accumulator
cim:Accumulator.LimitSets,cim:AccumulatorLimitSet,cim:Analog.LimitSets,cim:AnalogLimitSet
cim:ACDCTerminal.Measurements,cim:Measurement,cim:AnalogLimitSet.Measurements,cim:Analog
cim:AccumulatorLimitSet.Measurements,cim:Accumulator,cim:AnalogLimitSet.Measurements,cim:Analog
cim:AccumulatorLimit.LimitSet,cim:AccumulatorLimitSet,cim:AnalogLimit.LimitSet,cim:AnalogLimitSet
cim:AccumulatorLimitSet.Limits,cim:AccumulatorLimit,cim:AnalogLimitSet.Limits,cim:AnalogLimit
cim:AccumulatorLimitSet.Measurements,cim:Accumulator,cim:PowerSystemResource.Measurements,cim:Measurement
cim:AnalogLimitSet.Measurements,cim:Analog,cim:PowerSystemResource.Measurements,cim:Measurement
cim:OperationalLimitSet.Terminal,cim:ACDCTerminal,cim:SvPowerFlow.Terminal,cim:Terminal
cim:BusNameMarker.Terminal,cim:ACDCTerminal,cim:SvPowerFlow.Terminal,cim:Terminal
cim:Measurement.Terminal,cim:ACDCTerminal,cim:SvPowerFlow.Terminal,cim:Terminal
cim:CsConverter.operatingMode,cim:CsOperatingModeKind,cim:SynchronousMachine.operatingMode,cim:SynchronousMachineOperatingMode
cim:CsConverter.pPccControl,cim:CsPpccControlKind,cim:VsConverter.pPccControl,cim:VsPpccControlKind
cim:ACDCConverter.DCTerminals,cim:ACDCConverterDCTerminal,cim:DCTopologicalNode.DCTerminals,cim:DCBaseTerminal
cim:DCConductingEquipment.DCTerminals,cim:DCTerminal,cim:DCTopologicalNode.DCTerminals,cim:DCBaseTerminal
cim:OperationalLimitSet.Terminal,cim:ACDCTerminal,cim:TopologicalNode.Terminal,cim:Terminal
cim:BusNameMarker.Terminal,cim:ACDCTerminal,cim:TopologicalNode.Terminal,cim:Terminal
cim:Measurement.Terminal,cim:ACDCTerminal,cim:TopologicalNode.Terminal,cim:Terminal
